赛季,球员姓名,国家,球队,身高,体重,位置,上场时间,场均得分,篮板,助攻,盖帽,防守,效率,命中率
1996-1997,迈克尔 乔丹,美国,公牛,1米98,"98,0 公斤",后卫,42.3,31.1,7.9,4.8,0.8,5.7,28.1,45.6
1996-1997,安芬尼 哈达威,美国,魔术,2米01,"97,5 公斤",后卫,44.0,31.0,6.0,3.4,1.4,4.6,27.8,46.8
1996-1997,格伦  莱斯,美国,黄蜂,2米03,"99,8 公斤",前锋-后卫,45.7,27.7,3.6,3.7,0.3,3.3,25.0,49.1
1996-1997,格伦  莱斯,美国,黄蜂,2米03,"99,8 公斤",前锋-后卫,45.7,27.7,3.6,3.7,0.3,3.3,25.0,49.1
1996-1997,沙奎尔 奥尼尔,美国,湖人,2米16,"136,1 公斤",中锋,36.2,26.9,10.5,3.2,1.8,6.3,26.8,51.4
1996-1997,卡尔 马龙,美国,爵士,2米06,"116,1 公斤",前锋,40.8,26.0,11.4,2.9,0.7,8.4,24.7,43.5
1996-1997,雷克斯 查普曼,美国,太阳,1米93,"88,5 公斤",后卫,38.2,24.2,3.2,2.6,0.0,2.8,17.4,49.4
1996-1997,加里 佩顿,美国,超音速,1米93,"86,2 公斤",后卫,45.5,23.8,5.5,8.7,0.3,3.8,24.0,41.2
1996-1997,格兰特 希尔,美国,活塞,2米03,"102,1 公斤",前锋-后卫,40.6,23.6,6.8,5.4,1.0,4.2,20.0,43.7
1996-1997,哈基姆 奥拉朱旺,尼日利亚,火箭,2米13,"115,7 公斤",中锋,39.3,23.1,10.9,3.4,2.5,8.0,31.0,59.0
1996-1997,帕特里克 尤因,牙买加,尼克斯,2米13,"108,9 公斤",中锋,39.7,22.6,10.6,1.9,2.4,7.7,24.3,52.7
1996-1997,肖恩 坎普,美国,超音速,2米08,"116,1 公斤",前锋,36.8,21.6,12.3,3.0,1.3,8.0,26.5,48.6
1996-1997,斯蒂芬 马布里,美国,森林狼,1米88,"81,6 公斤",后卫,39.0,21.3,4.0,7.7,0.0,3.3,16.3,40.0
1996-1997,拉希德 华莱士,美国,开拓者,2米11,"102,1 公斤",前锋,37.0,19.8,6.0,1.5,0.5,4.0,18.8,58.9
1996-1997,罗德 斯特里克兰,美国,奇才,1米91,"83,9 公斤",后卫,41.3,19.7,6.0,8.3,0.0,4.3,19.7,42.3
1996-1997,阿兰 休斯顿,美国,尼克斯,1米98,"90,7 公斤",后卫,40.0,19.2,2.5,2.3,0.3,2.2,13.7,43.6
1996-1997,斯科蒂 皮蓬,美国,公牛,2米01,"103,4 公斤",前锋-后卫,39.6,19.2,6.8,3.8,0.9,4.9,18.9,41.7
1996-1997,斯蒂文 史密斯,美国,老鹰,2米03,"97,5 公斤",后卫,42.1,18.9,3.9,1.7,0.1,2.7,12.5,39.6
1996-1997,蒂姆 哈达威,美国,热火,1米83,"88,5 公斤",后卫,41.2,18.7,4.1,7.0,0.0,3.3,16.4,35.9
1996-1997,朱万 霍华德,美国,奇才,2米06,"113,4 公斤",前锋-中锋,43.0,18.7,6.0,1.7,0.6,2.7,18.3,46.5
1996-1997,汤姆 古格利奥塔,美国,森林狼,2米08,"108,9 公斤",前锋,40.3,18.3,5.4,4.3,0.6,4.7,18.0,44.2
1996-1997,特雷西 穆雷,美国,奇才,2米01,"103,4 公斤",前锋,29.0,18.3,3.0,0.7,0.6,2.0,19.3,56.7
1996-1997,克莱德 德雷克斯勒,美国,火箭,2米01,"100,7 公斤",后卫-前锋,38.9,18.1,5.6,4.8,0.4,4.0,19.1,43.6
1996-1997,瓦拉德 迪瓦茨,Serbia and Montenegro,黄蜂,,,,38.7,18.0,8.6,3.3,2.0,4.3,21.7,45.7
1996-1997,瓦拉德 迪瓦茨,Serbia and Montenegro,黄蜂,,,,38.7,18.0,8.6,3.3,2.0,4.3,21.7,45.7
1996-1997,查尔斯 巴克利,美国,火箭,1米98,"114,3 公斤",前锋,37.8,17.9,12.0,3.4,0.4,8.0,23.3,43.4
1996-1997,阿隆佐 莫宁,美国,热火,2米08,"118,4 公斤",中锋,37.1,17.8,10.2,1.1,2.7,7.6,17.7,49.1
1996-1997,克里斯蒂安 莱特纳,美国,老鹰,2米11,"111,1 公斤",前锋,40.3,17.6,7.2,2.6,0.8,5.3,16.2,40.5
1996-1997,凯文 加内特,美国,森林狼,2米11,"99,8 公斤",前锋,41.7,17.3,9.4,3.7,1.0,4.7,22.3,47.1
1996-1997,桑蒂埃塔 安德森,美国,开拓者,1米85,"76,2 公斤",后卫,42.3,17.0,4.3,4.8,0.2,3.8,19.0,47.8
1996-1997,戴特勒福 施拉姆夫,美国,超音速,2米08,"106,6 公斤",前锋,38.3,16.9,5.8,3.4,0.0,4.1,18.5,47.2
1996-1997,凯文 约翰逊,美国,太阳,1米85,"86,2 公斤",后卫,41.6,16.8,4.4,6.0,0.0,2.8,13.0,29.5
1996-1997,穆奇 布雷洛克,美国,老鹰,1米85,"83,9 公斤",后卫,44.1,16.4,7.0,6.5,0.2,5.8,18.7,39.6
1996-1997,约翰 斯托克顿,美国,爵士,1米85,"79,4 公斤",后卫,37.0,16.1,3.9,9.6,0.2,3.0,22.5,52.1
1996-1997,Muggsy 博格斯,美国,黄蜂,1米60,"64,0 公斤",后卫,29.0,16.0,1.5,2.5,0.0,1.0,13.5,57.9
1996-1997,Muggsy 博格斯,美国,黄蜂,1米60,"64,0 公斤",后卫,29.0,16.0,1.5,2.5,0.0,1.0,13.5,57.9
1996-1997,克里斯 韦伯,美国,奇才,2米08,"111,1 公斤",前锋-中锋,35.3,15.7,8.0,3.3,2.3,5.7,19.7,63.3
1996-1997,韦斯利 佩森,美国,太阳,1米98,"88,5 公斤",后卫-前锋,32.6,15.6,6.6,1.2,0.6,5.6,17.6,47.2
1996-1997,迪坎贝 穆托姆博,刚果,老鹰,2米18,"113,4 公斤",中锋,41.5,15.4,12.3,1.3,2.6,8.6,24.7,62.8
1996-1997,何塞 霍金斯,美国,超音速,1米91,"86,2 公斤",后卫,40.3,15.3,4.5,2.8,0.3,3.1,17.6,47.0
1996-1997,卡尔伯特 切尼,美国,奇才,2米01,"97,5 公斤",后卫-前锋,40.0,15.0,3.7,1.3,0.6,1.7,11.3,43.9
1996-1997,林奇 亨特,美国,活塞,1米88,"88,5 公斤",后卫,40.2,15.0,3.6,1.2,0.2,2.8,13.2,43.9
1996-1997,劳伊 奥特,美国,快船,2米06,"108,9 公斤",前锋-中锋,30.0,15.0,9.0,0.7,0.6,7.3,19.3,61.3
1996-1997,杰夫 霍纳塞克,美国,爵士,1米93,"86,2 公斤",后卫,35.2,14.6,4.5,3.7,0.2,3.4,15.6,43.3
1996-1997,尼克 范埃克塞尔,美国,湖人,1米85,"83,0 公斤",后卫,39.2,14.4,3.5,6.4,0.0,2.8,14.6,37.8
1996-1997,约翰 斯塔克斯,美国,尼克斯,1米96,"83,9 公斤",后卫,28.1,14.0,3.5,2.8,0.0,2.7,12.3,44.4
1996-1997,乔 杜马斯,美国,活塞,1米91,"88,5 公斤",后卫,42.8,13.8,1.8,2.0,0.0,1.4,9.4,36.1
1996-1997,拉里 约翰逊,美国,尼克斯,2米01,"119,3 公斤",前锋,32.8,13.8,4.0,2.6,0.1,2.8,15.1,55.8
1996-1997,以赛亚 莱德,美国,开拓者,1米96,"97,5 公斤",后卫,40.3,13.3,2.1,4.3,0.0,1.8,10.0,37.2
1996-1997,丹尼 曼宁,美国,太阳,2米08,"106,1 公斤",前锋,23.2,13.2,6.0,1.4,1.4,5.2,17.2,57.8
1997-1998,迈克尔 乔丹,美国,公牛,1米98,"98,0 公斤",后卫,41.5,32.4,5.1,3.5,0.5,3.5,25.5,46.2
1997-1998,沙奎尔 奥尼尔,美国,湖人,2米16,"142,9 公斤",中锋,38.5,30.5,10.2,2.9,2.6,6.5,29.6,61.2
1997-1998,卡尔 马龙,美国,爵士,2米06,"116,1 公斤",前锋,39.8,26.3,10.9,3.4,1.0,8.5,26.8,47.1
1997-1998,蒂姆 哈达威,美国,热火,1米83,"88,5 公斤",后卫,44.4,26.0,3.4,6.6,0.0,2.8,21.6,44.7
1997-1998,肖恩 坎普,美国,骑士,2米08,"116,1 公斤",前锋,38.0,26.0,10.3,2.0,1.0,6.3,25.3,46.5
1997-1998,斯蒂文 史密斯,美国,老鹰,2米03,"100,2 公斤",后卫,40.0,24.8,2.8,2.3,0.7,2.3,21.3,57.4
1997-1998,加里 佩顿,美国,超音速,1米93,"81,6 公斤",后卫,42.8,24.0,3.4,7.0,0.1,2.5,23.8,47.5
1997-1998,格伦  莱斯,美国,黄蜂,,,,41.0,22.8,5.6,1.4,0.3,4.4,18.6,47.4
1997-1998,格伦  莱斯,美国,黄蜂,,,,41.0,22.8,5.6,1.4,0.3,4.4,18.6,47.4
1997-1998,阿兰 休斯顿,美国,尼克斯,1米98,"90,7 公斤",后卫,40.3,21.1,3.8,2.8,0.1,3.2,14.4,43.4
1997-1998,蒂姆 邓肯,美国维尔京群岛,马刺,2米13,"112,5 公斤",前锋-中锋,41.6,20.7,9.0,1.9,2.5,6.8,22.2,52.1
1997-1998,哈基姆 奥拉朱旺,尼日利亚,火箭,2米13,"115,7 公斤",中锋,38.0,20.4,10.8,2.4,3.2,9.0,21.4,39.4
1997-1998,雷吉 米勒,美国,步行者,2米01,"83,9 公斤",后卫,39.3,19.9,1.7,2.0,0.1,1.4,14.6,42.6
1997-1998,大卫 罗宾逊,美国,马刺,2米16,"113,4 公斤",中锋,39.2,19.4,14.2,2.6,3.3,9.6,25.4,42.5
1997-1998,阿隆佐 莫宁,美国,热火,2米08,"118,4 公斤",中锋,34.5,19.3,8.5,1.3,2.5,6.0,21.0,51.8
1997-1998,以赛亚 莱德,美国,开拓者,1米96,"97,5 公斤",后卫,41.5,19.3,5.1,4.3,0.0,3.3,14.5,41.8
1997-1998,谢尔曼 道格拉斯,美国,篮网,1米85,"88,5 公斤",后卫,41.7,18.3,2.6,8.3,0.0,2.3,19.0,52.3
1997-1998,拉里 约翰逊,美国,尼克斯,2米01,"119,3 公斤",前锋,38.8,17.9,6.6,1.6,0.3,3.5,16.1,48.6
1997-1998,安东尼奥 迈克戴斯,美国,太阳,2米06,"99,8 公斤",前锋-中锋,36.8,17.8,13.3,1.0,1.5,8.8,23.0,47.7
1997-1998,达蒙 斯塔德迈尔,美国,开拓者,1米78,"77,6 公斤",后卫,41.5,17.8,4.3,9.5,0.3,2.8,19.5,39.7
1997-1998,扎诸纳斯 伊尔戈斯卡斯,立陶宛,骑士,2米21,"117,9 公斤",中锋,36.8,17.3,7.5,0.5,1.2,4.0,16.3,57.1
1997-1998,埃弗里 约翰逊,美国,马刺,1米80,"81,6 公斤",后卫,38.0,17.3,1.4,6.1,0.0,1.1,17.2,60.4
1997-1998,埃迪 琼斯,美国,湖人,1米98,"90,7 公斤",后卫-前锋,36.6,17.0,3.9,2.5,1.6,3.0,18.6,46.6
1997-1998,斯科蒂 皮蓬,美国,公牛,2米01,"103,4 公斤",前锋-后卫,39.8,16.8,7.1,5.2,0.9,4.8,19.6,41.5
1997-1998,里克 斯米特斯,美国,步行者,2米24,"120,2 公斤",中锋,29.8,16.6,5.4,1.3,0.8,4.3,16.1,50.2
1997-1998,约翰 斯塔克斯,美国,尼克斯,1米96,"83,9 公斤",后卫,31.4,16.4,4.0,2.3,0.1,3.6,16.4,47.2
1997-1998,科里 基特尔斯,美国,篮网,1米96,"81,2 公斤",后卫,42.0,16.3,5.0,2.7,0.6,5.0,15.7,42.5
1997-1998,安东尼 皮勒,美国,森林狼,1米93,"94,3 公斤",后卫,42.6,16.2,7.6,3.6,0.6,4.4,19.2,40.3
1997-1998,戴特勒福 施拉姆夫,美国,超音速,2米08,"106,6 公斤",前锋,37.5,16.1,7.7,3.9,0.1,5.9,19.5,51.2
1997-1998,维恩 贝克,美国,超音速,2米11,"113,4 公斤",前锋,37.1,15.8,9.4,1.8,1.5,5.3,19.6,53.0
1997-1998,凯文 加内特,美国,森林狼,2米11,"99,8 公斤",前锋,38.8,15.8,9.6,4.0,2.4,6.2,20.0,48.0
1997-1998,特里 波特,美国,森林狼,1米91,"88,5 公斤",后卫,37.6,15.8,5.0,3.2,0.0,3.6,16.4,42.9
1997-1998,安东尼 梅森,美国,黄蜂,,,,40.8,15.4,7.9,3.4,0.0,6.0,18.7,57.6
1997-1998,安东尼 梅森,美国,黄蜂,,,,40.8,15.4,7.9,3.4,0.0,6.0,18.7,57.6
1997-1998,克里斯 加特林,美国,篮网,2米08,"104,3 公斤",前锋-中锋,27.0,15.3,3.3,0.7,0.6,1.3,12.0,50.0
1997-1998,克莱德 德雷克斯勒,美国,火箭,2米01,"100,7 公斤",后卫,36.4,15.0,5.4,4.6,0.6,3.6,13.4,30.9
1997-1998,穆奇 布雷洛克,美国,老鹰,1米85,"83,9 公斤",后卫,38.3,14.8,5.0,8.3,0.2,3.5,19.3,41.5
1997-1998,拉希德 华莱士,美国,开拓者,2米11,"102,1 公斤",前锋-中锋,39.3,14.5,4.8,2.8,0.5,3.0,13.8,48.9
1997-1998,沃希恩 莱纳德,美国,热火,1米93,"93,0 公斤",后卫,37.2,14.4,3.8,1.4,0.4,3.6,11.4,46.2
1997-1998,萨姆 米切尔,美国,森林狼,2米01,"97,5 公斤",前锋,35.4,14.4,5.4,1.6,0.2,4.0,14.0,44.8
1997-1998,肯道尔 吉尔,美国,篮网,1米96,"98,0 公斤",前锋-后卫,33.3,14.3,4.3,1.0,0.3,3.3,12.3,45.0
1997-1998,贾森 基德,美国,太阳,1米93,"96,2 公斤",后卫,42.8,14.3,5.8,7.8,0.5,4.5,19.5,37.9
1997-1998,乔治 麦克劳德,美国,太阳,2米03,"102,1 公斤",前锋,31.5,14.3,4.8,2.0,0.2,4.3,14.8,51.2
1997-1998,帕特里克 尤因,牙买加,尼克斯,2米13,"115,7 公斤",中锋,33.0,14.0,8.1,1.3,1.2,5.8,11.0,35.7
1997-1998,凯文 约翰逊,美国,太阳,1米85,"86,2 公斤",后卫,30.5,13.8,2.3,4.8,0.2,1.8,14.3,54.8
1997-1998,斯蒂芬 马布里,美国,森林狼,1米88,"81,6 公斤",后卫,41.8,13.8,3.2,7.6,0.0,2.2,12.4,30.6
1997-1998,何塞 霍金斯,美国,超音速,1米91,"90,7 公斤",后卫,33.7,13.4,5.7,3.6,0.1,4.0,18.5,46.6
1997-1998,布莱恩 格兰特,美国,开拓者,2米06,"115,2 公斤",前锋,33.8,13.3,10.8,1.5,0.7,6.3,21.0,52.8
1997-1998,沃尔特 威廉姆斯,美国,开拓者,2米03,"104,3 公斤",前锋-后卫,25.5,13.3,3.5,2.3,0.0,2.8,14.8,54.8
1997-1998,托尼 库科奇,克罗地亚,公牛,2米11,"105,2 公斤",前锋-后卫,30.3,13.1,3.8,2.9,0.4,2.7,13.9,48.6
1998-1999,阿伦 艾弗森,美国,76人,1米83,"74,8 公斤",后卫,44.8,28.5,4.2,4.9,0.2,2.4,19.6,41.1
1998-1999,沙奎尔 奥尼尔,美国,湖人,2米16,"142,9 公斤",中锋,39.4,26.6,11.6,2.3,2.8,6.1,24.6,51.0
1998-1999,查尔斯 巴克利,美国,火箭,1米98,"114,3 公斤",前锋,39.3,23.5,13.8,3.8,0.5,10.5,30.5,52.9
1998-1999,蒂姆 邓肯,美国维尔京群岛,马刺,2米13,"112,5 公斤",前锋-中锋,43.1,23.2,11.4,2.8,2.6,8.2,27.6,51.1
1998-1999,雷 阿伦,美国,雄鹿,1米96,"93,0 公斤",后卫,40.0,22.3,7.4,4.3,0.3,4.7,22.7,53.2
1998-1999,凯文 加内特,美国,森林狼,2米11,"99,8 公斤",前锋,42.5,21.8,12.0,3.8,2.0,8.0,25.5,44.3
1998-1999,卡尔 马龙,美国,爵士,2米06,"116,1 公斤",前锋,41.0,21.8,11.3,4.7,0.7,8.0,23.5,41.7
1998-1999,阿隆佐 莫宁,美国,热火,2米08,"118,4 公斤",中锋,38.8,21.6,8.2,0.8,2.8,6.8,22.2,52.1
1998-1999,尼克 安德森,美国,魔术,1米98,"103,4 公斤",后卫-前锋,38.0,20.8,6.8,2.3,0.0,5.0,15.8,36.7
1998-1999,格伦 罗宾逊,美国,雄鹿,2米01,"104,3 公斤",前锋,39.3,20.7,8.3,1.7,0.6,7.0,18.3,41.2
1998-1999,拉特雷尔 斯普雷维尔,美国,尼克斯,1米96,"86,2 公斤",前锋-后卫,37.2,20.4,4.8,2.2,0.3,3.6,14.6,41.9
1998-1999,雷吉 米勒,美国,步行者,2米01,"83,9 公斤",后卫,37.0,20.2,3.9,2.6,0.2,2.9,16.2,39.7
1998-1999,科比 布莱恩特,美国,湖人,2米01,"97,5 公斤",前锋-后卫,39.4,19.8,6.9,4.6,1.2,5.3,19.5,43.0
1998-1999,格兰特 希尔,美国,活塞,2米03,"102,1 公斤",前锋,35.2,19.4,7.2,7.4,0.4,5.8,23.4,45.7
1998-1999,特里尔 布兰登,美国,森林狼,1米80,"78,5 公斤",后卫,40.3,19.3,7.5,7.0,0.5,7.0,23.3,44.9
1998-1999,安芬尼 哈达威,美国,魔术,2米01,"97,5 公斤",后卫-前锋,41.8,19.0,5.1,5.5,0.2,2.8,17.5,35.1
1998-1999,阿兰 休斯顿,美国,尼克斯,1米98,"90,7 公斤",后卫,39.2,18.5,2.7,2.6,0.0,2.4,12.6,44.3
1998-1999,斯科蒂 皮蓬,美国,火箭,2米01,"103,4 公斤",前锋-后卫,43.0,18.3,11.8,5.5,0.7,6.8,21.8,32.9
1998-1999,格伦  莱斯,美国,湖人,2米03,"99,8 公斤",后卫-前锋,43.9,18.3,3.9,1.6,0.1,3.3,15.1,44.6
1998-1999,斯蒂文 史密斯,美国,老鹰,2米03,"97,5 公斤",后卫,39.6,17.3,3.5,3.3,0.2,1.9,12.1,35.3
1998-1999,以赛亚 莱德,美国,开拓者,1米96,"97,5 公斤",后卫,32.8,16.5,3.8,2.4,0.0,2.5,13.2,42.9
1998-1999,瓦拉德 迪瓦茨,Serbia and Montenegro,国王,2米16,"117,9 公斤",中锋,39.6,16.2,10.0,4.6,0.8,8.2,22.0,44.6
1998-1999,克里福德 罗宾逊,美国,太阳,2米08,"102,1 公斤",前锋,39.0,15.7,5.3,2.7,0.3,3.0,15.3,47.5
1998-1999,大卫 罗宾逊,美国,马刺,2米16,"113,4 公斤",中锋,35.3,15.6,9.9,2.5,2.3,7.8,22.1,48.3
1998-1999,萨姆 卡塞尔,美国,雄鹿,1米91,"83,9 公斤",后卫,34.0,15.3,2.0,8.7,0.0,2.0,18.7,50.0
1998-1999,贾森 基德,美国,太阳,1米93,"96,2 公斤",后卫,42.0,15.0,2.3,10.3,0.3,2.0,17.7,41.9
1998-1999,达雷尔 阿姆斯特朗,美国,魔术,1米85,"81,6 公斤",后卫,40.8,14.8,5.0,6.3,0.0,3.5,14.8,37.0
1998-1999,拉希德 华莱士,美国,开拓者,2米11,"102,1 公斤",中锋-前锋,36.0,14.8,4.8,1.5,0.8,3.5,15.7,51.4
1998-1999,克里斯 韦伯,美国,国王,2米08,"111,1 公斤",前锋,38.4,14.8,9.4,4.0,1.0,6.8,14.2,38.8
1998-1999,乔治 麦克劳德,美国,太阳,2米03,"102,1 公斤",前锋,26.7,14.0,4.4,0.7,0.0,3.7,13.0,43.3
1998-1999,马特 盖革,美国,76人,2米16,"112,5 公斤",中锋,29.9,13.5,7.7,0.8,0.7,4.8,14.8,43.8
1998-1999,哈基姆 奥拉朱旺,尼日利亚,火箭,2米13,"115,7 公斤",中锋,30.8,13.3,7.3,0.5,0.7,6.0,13.8,42.6
1998-1999,布莱恩 格兰特,美国,开拓者,2米06,"115,2 公斤",前锋,37.1,13.2,9.1,1.1,1.2,6.5,17.4,52.9
1998-1999,帕特里克 尤因,牙买加,尼克斯,2米13,"115,7 公斤",中锋,31.5,13.1,8.8,0.5,0.7,7.5,15.1,43.0
1998-1999,丹尼 曼宁,美国,太阳,2米08,"110,7 公斤",前锋-中锋,26.3,12.7,1.7,2.0,0.0,1.7,12.3,58.3
1998-1999,穆奇 布雷洛克,美国,老鹰,1米85,"83,9 公斤",后卫,39.8,12.6,4.0,4.0,0.2,3.3,8.4,32.6
1998-1999,埃弗里 约翰逊,美国,马刺,1米80,"81,6 公斤",后卫,38.4,12.6,2.4,7.4,0.0,1.9,14.3,48.7
1998-1999,迪坎贝 穆托姆博,刚果,老鹰,2米18,"118,4 公斤",中锋,42.2,12.6,13.9,1.2,2.5,9.9,23.8,56.3
1998-1999,萨姆 马克,美国,火箭,2米01,"99,8 公斤",后卫-前锋,30.8,12.5,2.3,1.8,0.0,2.0,9.3,34.2
1998-1999,埃里克 斯诺,美国,76人,1米91,"92,5 公斤",后卫,38.3,12.4,4.2,7.1,0.1,3.8,14.6,42.0
1998-1999,米切尔 斯诺,美国,76人,,,,38.3,12.4,4.2,7.1,0.1,3.8,,42.0
1998-1999,杰夫 霍纳塞克,美国,爵士,1米93,"86,2 公斤",后卫,27.6,12.2,3.7,2.4,0.0,2.9,12.6,46.2
1998-1999,贾伦 罗斯,美国,步行者,2米03,"95,3 公斤",后卫,27.3,12.2,2.3,2.5,0.3,1.5,10.1,44.2
1998-1999,拜伦 拉塞尔,美国,爵士,2米01,"102,1 公斤",前锋,35.2,12.1,6.0,1.2,0.1,4.5,13.5,42.6
1998-1999,肖恩 埃利奥特,美国,马刺,2米03,"99,8 公斤",前锋,33.8,11.9,3.4,2.6,0.2,2.8,11.7,44.4
1998-1999,里克 斯米特斯,美国,步行者,2米24,"120,2 公斤",中锋,22.5,11.8,5.0,0.7,1.1,3.8,10.9,45.6
1998-1999,格兰特 朗,美国,老鹰,2米06,"112,5 公斤",前锋,39.8,11.7,8.2,0.9,0.4,5.1,13.6,40.9
1998-1999,拉里 约翰逊,美国,尼克斯,2米01,"106,6 公斤",前锋,34.2,11.5,4.9,1.6,0.0,3.8,10.7,42.6
1998-1999,马克 杰克逊,美国,步行者,1米91,"83,9 公斤",后卫,34.7,11.2,4.6,8.6,0.0,3.5,17.9,49.5
1998-1999,弗农 麦克斯维尔,美国,国王,1米93,"86,2 公斤",后卫,25.8,11.2,2.2,1.0,0.0,1.4,5.6,31.7
1999-2000,沙奎尔 奥尼尔,美国,湖人,2米16,"142,9 公斤",中锋,43.5,30.7,15.5,3.1,2.3,10.3,33.3,56.6
1999-2000,卡尔 马龙,美国,爵士,2米06,"116,1 公斤",前锋,38.6,27.2,8.9,3.1,0.7,7.0,26.9,52.0
1999-2000,阿伦 艾弗森,美国,76人,1米83,"74,8 公斤",后卫,44.4,26.2,4.0,4.5,0.1,2.6,15.8,38.4
1999-2000,加里 佩顿,美国,超音速,1米93,"81,6 公斤",后卫,44.2,25.8,7.6,7.4,0.2,6.0,25.4,44.2
1999-2000,杰里 斯塔克豪斯,美国,活塞,1米98,"98,9 公斤",后卫-前锋,40.0,24.7,4.0,3.3,0.0,3.7,13.7,40.7
1999-2000,克里斯 韦伯,美国,国王,2米08,"111,1 公斤",前锋,39.2,24.4,9.6,5.4,2.0,6.8,27.4,42.7
1999-2000,雷吉 米勒,美国,步行者,2米01,"83,9 公斤",后卫,40.5,24.0,2.4,2.7,0.4,2.0,19.4,45.2
1999-2000,大卫 罗宾逊,美国,马刺,2米16,"113,4 公斤",中锋,38.8,23.5,13.8,2.5,3.0,9.5,27.0,37.3
1999-2000,雷 阿伦,美国,雄鹿,1米96,"93,0 公斤",后卫,37.2,22.0,6.6,2.6,0.0,4.6,20.6,44.4
1999-2000,阿隆佐 莫宁,美国,热火,2米08,"118,4 公斤",中锋,37.6,21.6,10.0,1.4,3.3,6.9,22.8,48.4
1999-2000,科比 布莱恩特,美国,湖人,2米01,"95,3 公斤",后卫,39.0,21.1,4.5,4.4,1.4,3.3,19.0,44.2
1999-2000,贾伦 罗斯,美国,步行者,2米03,"95,3 公斤",前锋-后卫,41.9,20.8,4.4,3.4,0.4,4.0,16.9,43.7
1999-2000,德里克 科尔曼,美国,黄蜂,,,,42.3,20.3,12.5,3.5,3.0,10.0,27.8,47.4
1999-2000,德里克 科尔曼,美国,黄蜂,,,,42.3,20.3,12.5,3.5,3.0,10.0,27.8,47.4
1999-2000,安芬尼 哈达威,美国,PHO,2米01,"97,5 公斤",后卫,42.9,20.3,4.9,5.7,1.0,3.3,20.0,46.2
1999-2000,特里尔 布兰登,美国,森林狼,1米80,"78,5 公斤",后卫,40.5,19.5,5.8,8.5,0.0,4.8,24.5,50.8
1999-2000,文斯 卡特,美国,猛龙,2米01,"97,5 公斤",前锋-后卫,39.7,19.3,6.0,6.3,1.3,3.0,18.3,30.0
1999-2000,凯文 加内特,美国,森林狼,2米11,"99,8 公斤",前锋,42.8,18.8,10.8,8.8,0.7,7.5,24.8,38.5
1999-2000,拉特雷尔 斯普雷维尔,美国,尼克斯,1米96,"86,2 公斤",前锋-后卫,43.8,18.7,4.4,3.6,0.3,3.6,14.9,41.4
1999-2000,拉希德 华莱士,美国,开拓者,2米11,"102,1 公斤",前锋,37.8,17.9,6.4,1.8,1.2,4.5,18.6,48.9
1999-2000,阿兰 休斯顿,美国,尼克斯,1米98,"90,7 公斤",后卫,40.9,17.6,3.3,1.6,0.1,3.1,12.8,43.8
1999-2000,克里福德 罗宾逊,美国,PHO,2米08,"102,1 公斤",前锋,37.0,17.6,6.0,2.1,0.7,4.0,14.4,38.6
1999-2000,贾马尔 马什本,美国,热火,2米03,"109,3 公斤",前锋,42.3,17.5,4.6,3.2,0.2,3.7,14.2,40.1
1999-2000,斯蒂文 史密斯,美国,开拓者,2米03,"97,5 公斤",后卫,37.8,17.1,2.5,2.8,0.2,1.7,15.8,48.6
1999-2000,埃迪 琼斯,美国,黄蜂,1米98,"90,7 公斤",后卫-前锋,42.8,17.0,5.0,4.8,0.7,4.0,19.5,37.9
1999-2000,埃迪 琼斯,美国,黄蜂,1米98,"90,7 公斤",后卫-前锋,42.8,17.0,5.0,4.8,0.7,4.0,19.5,37.9
1999-2000,特雷西 麦格雷迪,美国,猛龙,2米03,"95,3 公斤",前锋,37.0,16.7,7.0,3.0,1.0,3.7,15.7,38.6
1999-2000,萨姆 卡塞尔,美国,雄鹿,1米91,"83,9 公斤",后卫,35.6,15.8,3.4,9.0,0.0,3.4,18.2,41.7
1999-2000,拉沙德 刘易斯,美国,超音速,2米08,"97,5 公斤",前锋,31.4,15.4,6.2,0.6,0.6,3.8,14.4,44.1
1999-2000,格伦 罗宾逊,美国,雄鹿,2米01,"104,3 公斤",前锋,34.8,15.4,4.2,2.6,0.8,4.2,11.8,40.5
1999-2000,蒂姆 托马斯,美国,雄鹿,2米08,"104,3 公斤",前锋,28.4,15.4,4.8,2.0,0.8,3.6,16.4,49.2
1999-2000,斯科蒂 皮蓬,美国,开拓者,2米01,"103,4 公斤",前锋,38.4,14.9,7.2,4.3,0.4,5.8,18.2,41.9
1999-2000,帕特里克 尤因,牙买加,尼克斯,2米13,"115,7 公斤",中锋,32.9,14.6,9.5,0.4,1.4,7.4,16.1,41.8
1999-2000,埃尔登 坎贝尔,美国,黄蜂,2米13,"115,7 公斤",中锋-前锋,37.5,14.3,8.3,1.0,1.0,6.0,16.5,46.8
1999-2000,埃尔登 坎贝尔,美国,黄蜂,2米13,"115,7 公斤",中锋-前锋,37.5,14.3,8.3,1.0,1.0,6.0,16.5,46.8
1999-2000,罗德尼 罗杰斯,美国,PHO,2米01,"115,7 公斤",前锋,29.2,14.1,6.8,1.6,1.1,5.0,14.7,41.7
1999-2000,维恩 贝克,美国,超音速,2米11,"113,4 公斤",前锋,35.4,14.0,7.6,2.0,0.4,4.4,11.4,40.0
1999-2000,拜伦 拉塞尔,美国,爵士,2米01,"102,1 公斤",前锋,37.1,14.0,5.2,2.1,0.5,4.3,14.3,42.1
1999-2000,阿隆 麦基,美国,76人,1米96,"94,8 公斤",前锋-后卫,33.1,13.8,3.6,4.6,0.2,3.2,15.2,48.5
1999-2000,安东尼奥 戴维斯,美国,猛龙,2米06,"104,3 公斤",中锋-前锋,35.0,13.0,8.3,1.0,1.3,6.0,18.3,58.3
1999-2000,西奥 拉特里夫,美国,76人,2米08,"102,1 公斤",中锋-前锋,37.4,13.0,7.9,0.9,3.0,5.1,17.5,47.5
1999-2000,凯文 威利斯,美国,猛龙,2米13,"111,1 公斤",中锋-前锋,25.3,13.0,8.7,0.3,0.0,6.7,13.3,36.4
1999-2000,安东尼 梅森,美国,黄蜂,2米03,"122,5 公斤",前锋,44.8,12.5,9.8,5.5,0.0,5.8,19.0,47.4
1999-2000,安东尼 梅森,美国,黄蜂,2米03,"122,5 公斤",前锋,44.8,12.5,9.8,5.5,0.0,5.8,19.0,47.4
1999-2000,马里克 希利,美国,森林狼,2米03,"90,7 公斤",后卫-前锋,30.5,12.5,4.6,1.3,0.0,3.3,10.0,46.3
1999-2000,格伦  莱斯,美国,湖人,2米03,"99,8 公斤",前锋-后卫,33.3,12.4,4.0,2.1,0.1,3.6,11.1,40.8
1999-2000,特伊隆 希尔,美国,76人,2米06,"113,4 公斤",中锋-前锋,35.2,12.3,9.7,0.9,0.1,6.1,16.0,46.0
1999-2000,埃弗里 约翰逊,美国,马刺,1米80,"81,6 公斤",后卫,36.0,12.0,2.3,5.3,0.0,1.8,11.3,45.2
1999-2000,杰夫 霍纳塞克,美国,爵士,1米93,"86,2 公斤",后卫,29.7,11.5,3.0,3.3,0.0,2.1,11.0,42.2
1999-2000,拉里 约翰逊,美国,尼克斯,2米01,"106,6 公斤",前锋,36.8,11.3,5.0,1.6,0.1,4.1,11.5,46.1
2000-2001,特雷西 麦格雷迪,美国,魔术,2米03,"95,3 公斤",后卫-前锋,44.5,33.8,6.5,8.3,1.2,5.0,29.8,41.5
2000-2001,阿伦 艾弗森,美国,76人,1米83,"74,8 公斤",后卫,46.2,32.9,4.7,6.1,0.3,4.0,23.0,38.9
2000-2001,雷吉 米勒,美国,步行者,2米01,"91,6 公斤",后卫,44.3,31.3,5.1,2.5,0.5,3.3,24.5,45.6
2000-2001,沙奎尔 奥尼尔,美国,湖人,2米16,"142,9 公斤",中锋,42.3,30.4,15.5,3.2,2.3,9.8,32.8,55.5
2000-2001,科比 布莱恩特,美国,湖人,2米01,"95,3 公斤",后卫,43.4,29.4,7.2,6.1,0.7,5.4,28.3,46.9
2000-2001,卡尔 马龙,美国,爵士,2米06,"116,1 公斤",前锋,39.8,27.6,8.8,3.4,0.8,7.0,21.4,40.5
2000-2001,文斯 卡特,美国,猛龙,1米98,"102,1 公斤",后卫-前锋,44.9,27.3,6.5,4.7,1.6,3.4,25.0,43.6
2000-2001,雷 阿伦,美国,雄鹿,1米96,"93,0 公斤",后卫,42.7,25.1,4.2,6.0,0.5,3.1,24.7,47.7
2000-2001,贾马尔 马什本,美国,黄蜂,,,,41.9,24.9,6.2,5.7,0.3,4.4,21.5,40.4
2000-2001,贾马尔 马什本,美国,黄蜂,,,,41.9,24.9,6.2,5.7,0.3,4.4,21.5,40.4
2000-2001,蒂姆 邓肯,美国维尔京群岛,马刺,2米13,"117,9 公斤",前锋-中锋,40.5,24.4,14.5,3.8,2.6,10.3,29.5,48.8
2000-2001,德克 诺维茨基,德国,小牛,2米11,"107,5 公斤",前锋,39.9,23.4,8.1,1.4,0.8,6.7,22.9,42.3
2000-2001,克里斯 韦伯,美国,国王,2米08,"111,1 公斤",前锋,43.5,23.3,11.6,3.1,1.0,7.3,19.3,38.8
2000-2001,佩贾 斯托贾科维奇,Serbia and Montenegro,国王,2米06,"103,9 公斤",前锋,38.4,21.6,6.4,0.4,0.3,4.3,17.4,40.6
2000-2001,凯文 加内特,美国,森林狼,2米11,"99,8 公斤",前锋,41.3,21.0,12.0,4.3,1.5,9.5,29.0,46.6
2000-2001,阿兰 休斯顿,美国,尼克斯,1米98,"90,7 公斤",后卫,37.8,20.8,1.8,1.4,0.2,1.8,18.0,59.4
2000-2001,迈克尔 芬利,美国,小牛,2米01,"97,5 公斤",前锋-后卫,43.4,19.7,5.3,4.4,0.2,4.0,14.8,36.0
2000-2001,格伦 罗宾逊,美国,雄鹿,2米01,"104,3 公斤",前锋,38.2,19.4,6.4,3.3,1.3,5.0,18.1,42.9
2000-2001,埃迪 琼斯,美国,热火,2米01,"88,0 公斤",后卫,36.0,19.0,6.0,2.3,0.3,5.3,18.7,50.0
2000-2001,拉特雷尔 斯普雷维尔,美国,尼克斯,1米96,"86,2 公斤",前锋-后卫,42.4,18.4,3.0,3.4,0.2,2.4,10.6,40.7
2000-2001,贾伦 罗斯,美国,步行者,2米03,"102,1 公斤",后卫,41.0,18.0,4.6,2.8,0.2,3.8,12.5,38.0
2000-2001,拜伦 戴维斯,美国,黄蜂,,,,39.7,17.8,4.4,5.8,0.5,3.5,21.1,48.0
2000-2001,拜伦 戴维斯,美国,黄蜂,,,,39.7,17.8,4.4,5.8,0.5,3.5,21.1,48.0
2000-2001,达蒙 斯塔德迈尔,美国,开拓者,1米78,"77,6 公斤",后卫,38.0,17.7,3.0,4.3,0.3,2.7,14.0,41.3
2000-2001,萨姆 卡塞尔,美国,雄鹿,1米91,"83,9 公斤",后卫,37.9,17.4,4.6,6.7,0.1,3.9,17.0,39.6
2000-2001,斯蒂文 史密斯,美国,开拓者,2米03,"100,2 公斤",后卫-前锋,40.7,17.0,4.4,2.3,0.3,2.7,15.0,47.1
2000-2001,大卫 韦斯利,美国,黄蜂,1米85,"95,7 公斤",后卫,39.4,17.0,3.0,3.9,0.1,2.6,16.1,47.0
2000-2001,大卫 韦斯利,美国,黄蜂,1米85,"95,7 公斤",后卫,39.4,17.0,3.0,3.9,0.1,2.6,16.1,47.0
2000-2001,拉希德 华莱士,美国,开拓者,2米11,"104,3 公斤",前锋-中锋,42.7,16.7,8.0,2.3,1.0,6.3,14.3,37.3
2000-2001,大卫 罗宾逊,美国,马刺,2米16,"113,4 公斤",中锋,31.5,16.6,11.8,1.7,2.3,8.8,22.9,47.2
2000-2001,安东尼奥 戴维斯,美国,猛龙,2米06,"104,3 公斤",中锋-前锋,40.4,16.4,11.1,1.9,1.8,7.7,23.1,50.0
2000-2001,特里尔 布兰登,美国,森林狼,1米80,"78,5 公斤",后卫,38.3,15.3,4.3,6.3,0.5,3.8,16.5,43.5
2000-2001,克里福德 罗宾逊,美国,PHO,2米08,"102,1 公斤",前锋,28.5,15.0,4.0,1.0,0.5,2.5,10.5,42.0
2000-2001,肖恩 马里昂,美国,PHO,2米01,"97,5 公斤",前锋,34.8,14.8,8.3,0.8,1.5,5.8,15.0,37.1
2000-2001,阿隆 麦基,美国,76人,1米96,"94,8 公斤",后卫,38.8,14.6,5.1,5.3,0.1,4.1,16.3,41.5
2000-2001,科特 托马斯,美国,尼克斯,2米06,"104,3 公斤",前锋,37.2,14.4,11.2,1.8,1.0,7.8,20.8,53.2
2000-2001,贾森 基德,美国,PHO,1米93,"96,2 公斤",后卫,41.5,14.3,6.1,13.3,0.0,3.8,20.0,31.9
2000-2001,拜伦 拉塞尔,美国,爵士,2米01,"102,1 公斤",前锋,42.8,14.2,7.2,3.0,0.2,6.4,18.4,44.6
2000-2001,沃利 斯泽比亚克,美国,森林狼,2米01,"110,7 公斤",前锋,35.8,14.0,4.5,2.5,0.7,3.5,14.0,48.6
2000-2001,迪坎贝 穆托姆博,刚果,76人,2米18,"120,2 公斤",中锋,42.7,13.9,13.7,0.7,3.1,8.8,24.5,49.0
2000-2001,阿尔文 威廉姆斯,美国,猛龙,1米96,"83,9 公斤",后卫,40.5,13.8,2.9,4.2,0.6,2.4,13.2,43.1
2000-2001,斯科蒂 皮蓬,美国,开拓者,2米01,"103,4 公斤",前锋,39.0,13.7,5.7,2.3,0.6,5.0,12.7,42.1
2000-2001,史蒂夫 纳什,加拿大,小牛,1米91,"88,5 公斤",后卫,37.0,13.6,3.2,6.4,0.1,2.6,14.7,41.7
2000-2001,安东尼奥 丹尼尔斯,美国,马刺,1米93,"93,0 公斤",后卫,31.2,13.5,2.0,2.9,0.0,1.7,12.7,48.1
2000-2001,德里克 费舍尔,美国,湖人,1米85,"90,7 公斤",后卫,36.0,13.4,3.8,3.0,0.0,3.5,15.3,48.4
2000-2001,朱万 霍华德,美国,小牛,2米06,"113,4 公斤",前锋,39.1,13.4,8.3,1.4,0.5,5.4,13.2,36.0
2000-2001,达雷尔 阿姆斯特朗,美国,魔术,1米85,"81,6 公斤",后卫,41.8,13.3,5.6,4.8,0.5,4.3,16.0,37.8
2000-2001,埃迪 豪斯,美国,热火,1米85,"81,6 公斤",后卫,21.3,12.7,1.6,1.7,0.3,1.3,7.3,40.0
2000-2001,格伦  莱斯,美国,尼克斯,2米03,"99,8 公斤",前锋-后卫,28.8,12.2,4.4,0.6,0.2,3.8,10.8,46.2
2000-2001,埃尔登 坎贝尔,美国,黄蜂,2米13,"124,7 公斤",中锋-前锋,28.7,12.1,7.9,0.7,1.1,5.2,13.0,39.6
2001-2002,特雷西 麦格雷迪,美国,魔术,2米03,"95,3 公斤",后卫,44.5,30.8,6.3,5.5,1.7,4.8,26.3,46.2
2001-2002,阿伦 艾弗森,美国,76人,1米83,"74,8 公斤",后卫,41.8,30.0,3.6,4.2,0.0,3.4,21.0,38.1
2001-2002,沙奎尔 奥尼尔,美国,湖人,2米16,"142,9 公斤",中锋,40.8,28.5,12.6,2.8,2.5,9.1,30.3,52.9
2001-2002,德克 诺维茨基,德国,小牛,2米13,"111,1 公斤",中锋-前锋,44.6,28.4,13.1,2.3,0.7,11.0,31.3,44.5
2001-2002,蒂姆 邓肯,美国维尔京群岛,马刺,2米13,"117,9 公斤",前锋-中锋,42.2,27.6,14.4,5.0,4.3,11.3,34.9,45.3
2001-2002,科比 布莱恩特,美国,湖人,2米01,"95,3 公斤",后卫,43.8,26.6,5.9,4.6,0.8,4.4,21.8,43.4
2001-2002,拉希德 华莱士,美国,开拓者,2米11,"102,1 公斤",前锋-中锋,41.7,25.3,12.3,1.7,0.6,9.0,25.3,40.6
2001-2002,迈克尔 芬利,美国,小牛,2米01,"97,5 公斤",后卫-前锋,46.6,24.6,6.2,2.3,0.5,4.6,22.8,46.6
2001-2002,保罗 皮尔斯,美国,凯尔特人,1米98,"104,3 公斤",前锋-后卫,42.0,24.6,8.6,4.1,1.2,6.9,22.8,40.3
2001-2002,凯文 加内特,美国,森林狼,2米11,"99,8 公斤",前锋,43.3,24.0,18.6,5.0,1.6,13.3,33.3,42.9
2001-2002,克里斯 韦伯,美国,国王,2米08,"111,1 公斤",前锋,41.7,23.7,10.9,4.7,1.5,7.8,26.3,50.2
2001-2002,雷吉 米勒,美国,步行者,2米01,"88,5 公斤",后卫,39.6,23.6,3.2,2.8,0.2,3.2,19.8,50.6
2001-2002,拜伦 戴维斯,美国,黄蜂,1米91,"101,2 公斤",后卫,44.6,22.6,7.0,7.9,0.5,5.2,22.6,37.8
2001-2002,拜伦 戴维斯,美国,黄蜂,1米91,"101,2 公斤",后卫,44.6,22.6,7.0,7.9,0.5,5.2,22.6,37.8
2001-2002,加里 佩顿,美国,超音速,1米93,"81,6 公斤",后卫,41.4,22.2,8.6,5.8,0.4,6.6,20.4,42.5
2001-2002,安托万 沃克,美国,凯尔特人,2米06,"111,1 公斤",前锋,43.9,22.1,8.6,3.3,0.3,7.2,19.8,41.1
2001-2002,昌西 比卢普斯,美国,森林狼,1米91,"91,6 公斤",后卫,44.7,22.0,5.0,5.7,0.3,4.7,19.7,45.1
2001-2002,迈克 毕比,美国,国王,1米85,"86,2 公斤",后卫,41.3,20.3,3.8,5.0,0.1,2.9,18.4,44.4
2001-2002,卡尔 马龙,美国,爵士,2米06,"116,1 公斤",前锋,40.8,20.0,7.6,4.5,0.7,6.8,18.5,41.1
2001-2002,沃利 斯泽比亚克,美国,森林狼,2米01,"110,7 公斤",后卫-前锋,43.7,20.0,7.0,2.0,0.0,4.0,18.7,47.7
2001-2002,贾森 基德,美国,篮网,1米93,"96,2 公斤",后卫,40.2,19.6,8.2,9.1,0.4,6.1,24.3,41.5
2001-2002,史蒂夫 纳什,加拿大,小牛,1米91,"88,5 公斤",后卫,40.4,19.5,4.0,8.8,0.0,3.1,20.5,43.2
2001-2002,杰里 斯塔克豪斯,美国,活塞,1米98,"98,9 公斤",后卫-前锋,36.1,17.6,4.3,4.3,0.6,3.4,12.4,32.1
2001-2002,杰梅因 奥尼尔,美国,步行者,2米11,"109,8 公斤",前锋-中锋,38.4,17.2,7.6,1.0,1.6,6.4,15.8,44.7
2001-2002,安东尼奥 戴维斯,美国,猛龙,2米06,"104,3 公斤",前锋-中锋,40.4,17.0,10.6,1.4,1.0,7.4,18.0,45.3
2001-2002,肯扬 马丁,美国,篮网,2米06,"106,1 公斤",前锋,37.5,16.8,5.8,2.9,1.2,4.3,14.9,42.4
2001-2002,斯科蒂 皮蓬,美国,开拓者,2米01,"103,4 公斤",前锋-后卫,33.0,16.3,9.4,5.7,0.6,6.7,22.7,46.2
2001-2002,大卫 韦斯利,美国,黄蜂,1米85,"92,1 公斤",后卫,41.9,15.8,1.9,3.4,0.2,1.6,11.3,40.3
2001-2002,大卫 韦斯利,美国,黄蜂,1米85,"92,1 公斤",后卫,41.9,15.8,1.9,3.4,0.2,1.6,11.3,40.3
2001-2002,托尼 帕克,法国,马刺,1米88,"80,3 公斤",后卫,34.1,15.5,2.9,4.0,0.1,2.4,13.1,45.6
2001-2002,达雷尔 阿姆斯特朗,美国,魔术,1米85,"81,6 公斤",后卫,39.5,15.3,2.8,3.3,0.0,2.0,14.3,47.6
2001-2002,佩贾 斯托贾科维奇,Serbia and Montenegro,国王,2米06,"103,9 公斤",前锋,33.8,14.8,6.3,1.0,0.0,4.7,12.0,37.6
2001-2002,德里克 安德森,美国,开拓者,1米96,"88,5 公斤",后卫,25.3,14.7,2.3,2.3,0.0,1.3,11.7,43.3
2001-2002,唐耶尔 马绍尔,美国,爵士,2米06,"104,3 公斤",前锋,31.0,14.3,7.8,2.8,1.5,4.3,17.5,42.0
2001-2002,埃尔登 坎贝尔,美国,黄蜂,2米13,"126,6 公斤",中锋-前锋,28.2,13.6,6.7,1.8,2.5,5.1,15.4,44.5
2001-2002,埃尔登 坎贝尔,美国,黄蜂,2米13,"126,6 公斤",中锋-前锋,28.2,13.6,6.7,1.8,2.5,5.1,15.4,44.5
2001-2002,瓦拉德 迪瓦茨,Serbia and Montenegro,国王,2米16,"117,9 公斤",中锋,33.4,13.5,9.3,1.7,1.2,6.4,18.0,46.4
2001-2002,肯昂 克拉克,美国,猛龙,2米11,"100,2 公斤",中锋-前锋,34.8,13.4,8.0,1.6,1.6,5.2,17.6,54.2
2001-2002,基斯 范霍恩,美国,篮网,2米08,"115,7 公斤",前锋,32.2,13.3,6.7,2.1,0.4,5.1,13.8,40.2
2001-2002,考里斯 威廉姆斯,美国,活塞,2米01,"111,1 公斤",前锋,26.9,13.3,5.3,1.0,0.2,3.4,11.6,46.4
2001-2002,维恩 贝克,美国,超音速,2米11,"113,4 公斤",前锋,28.8,13.2,5.0,0.8,1.2,2.8,13.8,50.0
2001-2002,克里福德 罗宾逊,美国,活塞,2米08,"102,1 公斤",中锋-前锋,40.9,13.2,3.0,2.9,1.9,2.5,12.2,36.3
2001-2002,马里克 罗斯,美国,马刺,2米01,"115,7 公斤",前锋,29.2,12.9,7.9,1.4,0.5,5.2,16.2,47.9
2001-2002,德里克 科尔曼,美国,76人,2米08,"122,5 公斤",前锋,38.2,12.8,9.2,2.0,1.4,6.2,19.8,52.4
2001-2002,特洛伊 哈德森,美国,魔术,1米85,"77,1 公斤",后卫,26.5,12.8,1.0,1.5,0.0,1.0,5.5,37.5
2001-2002,拉沙德 刘易斯,美国,超音速,2米08,"97,5 公斤",前锋,26.3,12.7,3.6,0.7,0.0,2.3,10.0,37.5
2001-2002,约翰 斯托克顿,美国,爵士,1米85,"79,4 公斤",后卫,35.3,12.5,4.1,10.0,0.2,3.3,21.8,45.0
2001-2002,贾马尔 马格洛伊尔,加拿大,黄蜂,2米11,"117,5 公斤",中锋,21.0,12.3,5.6,0.6,1.8,3.5,13.9,55.0
2001-2002,贾马尔 马格洛伊尔,加拿大,黄蜂,2米11,"117,5 公斤",中锋,21.0,12.3,5.6,0.6,1.8,3.5,13.9,55.0
2001-2002,邦奇 威尔斯,美国,开拓者,1米96,"96,6 公斤",后卫-前锋,35.3,12.3,4.0,4.3,0.3,2.7,10.0,36.8
2002-2003,科比 布莱恩特,美国,湖人,2米01,"97,5 公斤",后卫,44.3,32.1,5.1,5.2,0.0,3.8,23.6,43.2
2002-2003,阿伦 艾弗森,美国,76人,1米83,"74,8 公斤",后卫,46.4,31.7,4.3,7.4,0.0,3.4,23.4,41.6
2002-2003,特雷西 麦格雷迪,美国,魔术,2米03,"95,3 公斤",后卫,44.0,31.7,6.7,4.7,0.8,5.3,26.9,44.8
2002-2003,保罗 皮尔斯,美国,凯尔特人,1米98,"104,3 公斤",前锋-后卫,44.5,27.1,9.0,6.7,0.8,7.9,28.1,39.9
2002-2003,凯文 加内特,美国,森林狼,2米11,"99,8 公斤",前锋,44.2,27.0,15.6,5.2,1.6,13.8,35.2,51.4
2002-2003,沙奎尔 奥尼尔,美国,湖人,2米16,"152,0 公斤",中锋,40.1,27.0,14.9,3.7,2.8,9.6,33.1,53.5
2002-2003,德克 诺维茨基,德国,小牛,2米13,"111,1 公斤",中锋-前锋,42.5,25.3,11.5,2.2,0.9,10.6,28.6,47.9
2002-2003,贾马尔 马什本,美国,黄蜂,2米03,"112,0 公斤",前锋,40.5,24.8,3.5,5.3,0.2,3.5,18.5,43.0
2002-2003,蒂姆 邓肯,美国维尔京群岛,马刺,2米13,"117,9 公斤",前锋-中锋,42.5,24.7,15.4,5.3,3.2,11.4,34.9,52.9
2002-2003,克里斯 韦伯,美国,国王,2米08,"111,1 公斤",前锋,35.1,23.7,8.3,3.6,1.1,5.7,22.7,49.6
2002-2003,特洛伊 哈德森,美国,森林狼,1米85,"77,1 公斤",后卫,36.8,23.5,2.0,5.5,0.0,1.8,19.0,41.5
2002-2003,佩贾 斯托贾科维奇,Serbia and Montenegro,国王,2米08,"103,9 公斤",前锋,40.5,23.1,6.9,2.5,0.4,5.5,23.3,48.0
2002-2003,杰梅因 奥尼尔,美国,步行者,2米11,"109,8 公斤",前锋-中锋,45.3,22.8,17.5,0.7,3.0,13.5,31.0,46.7
2002-2003,理查德 汉密尔顿,美国,活塞,2米01,"87,5 公斤",后卫-前锋,38.8,22.5,3.9,2.6,0.0,2.8,15.9,44.2
2002-2003,斯蒂芬 马布里,美国,PHO,1米88,"93,0 公斤",后卫,45.3,22.0,4.0,5.7,0.0,3.0,13.5,37.5
2002-2003,拜伦 戴维斯,美国,黄蜂,1米91,"101,2 公斤",后卫,38.8,20.4,3.6,8.4,0.4,2.8,20.8,44.6
2002-2003,贾森 基德,美国,篮网,1米93,"96,2 公斤",后卫,42.6,20.1,7.7,8.2,0.2,5.9,22.8,40.2
2002-2003,卡尔 马龙,美国,爵士,2米06,"116,1 公斤",前锋,38.2,19.6,6.8,4.0,0.4,5.4,16.2,40.5
2002-2003,尼克 范埃克塞尔,美国,小牛,1米85,"88,5 公斤",后卫,33.6,19.5,3.4,4.1,0.0,2.5,15.9,46.0
2002-2003,邦奇 威尔斯,美国,开拓者,1米96,"95,3 公斤",后卫-前锋,38.3,19.0,6.9,3.7,0.4,4.9,16.6,39.5
2002-2003,慈 世平,美国,步行者,2米01,"111,6 公斤",前锋,42.0,19.0,5.8,2.2,1.0,4.0,17.3,38.9
2002-2003,肯扬 马丁,美国,篮网,2米06,"106,1 公斤",前锋,38.9,18.9,9.4,2.9,1.5,6.9,20.5,45.3
2002-2003,肖恩 马里昂,美国,PHO,2米01,"97,5 公斤",前锋,47.0,18.5,11.7,2.0,1.8,8.2,21.8,37.4
2002-2003,加里 佩顿,美国,雄鹿,1米93,"81,6 公斤",后卫,41.8,18.5,3.0,8.7,0.2,2.3,,42.9
2002-2003,迈克尔 芬利,美国,小牛,2米01,"102,1 公斤",后卫-前锋,41.1,18.3,5.8,3.0,0.6,4.5,18.5,43.5
2002-2003,昌西 比卢普斯,美国,活塞,1米91,"91,6 公斤",后卫,34.6,18.0,3.4,4.7,0.1,3.1,15.5,37.4
2002-2003,蒂姆 托马斯,美国,雄鹿,2米08,"108,9 公斤",前锋,31.8,17.8,4.8,1.3,1.0,3.5,15.7,46.2
2002-2003,拉希德 华莱士,美国,开拓者,2米11,"104,3 公斤",前锋-中锋,37.1,17.4,5.1,2.6,0.7,3.7,16.9,45.4
2002-2003,安托万 沃克,美国,凯尔特人,2米06,"111,1 公斤",前锋,44.0,17.3,8.7,4.3,0.4,6.7,17.3,41.5
2002-2003,萨姆 卡塞尔,美国,雄鹿,1米91,"83,9 公斤",后卫,36.2,17.2,3.2,2.7,0.1,2.7,13.3,47.0
2002-2003,史蒂夫 纳什,加拿大,小牛,1米91,"88,5 公斤",后卫,36.5,16.1,3.6,7.3,0.0,2.8,17.7,44.7
2002-2003,托尼 德尔克,美国,凯尔特人,1米88,"85,7 公斤",后卫,36.8,15.8,4.7,3.6,0.4,4.2,18.0,47.4
2002-2003,达蒙 斯塔德迈尔,美国,开拓者,1米78,"77,6 公斤",后卫,33.1,15.3,5.1,5.6,0.2,4.1,19.1,45.6
2002-2003,马特 哈普林,美国,爵士,2米01,"104,8 公斤",前锋-后卫,31.2,14.8,5.4,1.0,0.2,3.6,13.8,48.4
2002-2003,托尼 库科奇,克罗地亚,雄鹿,2米11,"106,6 公斤",前锋,30.7,14.8,4.2,3.7,0.1,3.2,16.7,49.2
2002-2003,托尼 帕克,法国,马刺,1米88,"81,6 公斤",后卫,33.9,14.7,2.7,3.5,0.1,2.4,10.6,40.3
2002-2003,沃利 斯泽比亚克,美国,森林狼,2米01,"110,7 公斤",后卫-前锋,42.0,14.5,5.0,2.2,0.1,4.0,13.8,47.5
2002-2003,鲍比 杰克逊,美国,国王,1米85,"83,9 公斤",后卫,27.6,14.3,4.5,3.3,0.0,3.6,15.3,45.7
2002-2003,阿马尔 斯塔德迈尔,美国,PHO,2米08,"111,1 公斤",前锋,33.8,14.2,7.9,1.2,1.5,5.2,16.0,52.3
2002-2003,理查德 杰弗森,美国,篮网,2米01,"100,7 公斤",前锋,35.6,14.1,6.4,2.4,0.2,4.9,14.2,47.6
2002-2003,德鲁 古登,美国,魔术,2米08,"104,3 公斤",前锋,33.4,14.0,12.7,0.6,0.9,8.7,,40.0
2002-2003,扎克 兰多夫,美国,开拓者,2米06,"114,8 公斤",前锋,29.3,13.9,8.7,1.6,0.2,5.6,18.3,52.5
2002-2003,德里克 科尔曼,美国,76人,2米08,"122,5 公斤",前锋,37.4,13.6,8.0,2.0,1.3,5.6,18.7,50.0
2002-2003,大卫 韦斯利,美国,黄蜂,1米85,"92,1 公斤",后卫,30.8,13.2,1.2,2.2,0.1,1.0,7.8,40.3
2002-2003,戴斯蒙德 梅森,美国,雄鹿,1米96,"100,7 公斤",前锋-后卫,34.0,13.0,7.0,0.8,0.7,6.0,,50.9
2002-2003,德里克 费舍尔,美国,湖人,1米85,"93,0 公斤",后卫,35.3,12.8,3.0,1.8,0.0,2.6,13.3,52.0
2002-2003,斯蒂芬 杰克逊,美国,马刺,2米03,"99,8 公斤",后卫-前锋,33.8,12.8,4.1,2.7,0.3,3.3,11.6,41.4
2002-2003,迈克 毕比,美国,国王,1米85,"86,2 公斤",后卫,33.7,12.7,2.6,5.0,0.4,1.9,13.3,42.2
2002-2003,安芬尼 哈达威,美国,PHO,2米01,"97,5 公斤",后卫-前锋,40.7,12.7,6.0,4.3,0.8,4.5,15.8,38.6
2002-2003,安德烈 基里连科,俄罗斯,爵士,2米06,"102,1 公斤",前锋,29.0,11.6,4.8,1.4,2.0,3.2,13.6,41.9
2003-2004,德克 诺维茨基,德国,小牛,2米13,"111,1 公斤",中锋-前锋,42.4,26.6,11.8,1.4,2.6,9.2,30.4,45.0
2003-2004,科比 布莱恩特,美国,湖人,1米98,"99,8 公斤",后卫,44.2,24.5,4.7,5.5,0.3,3.9,20.5,41.3
2003-2004,凯文 加内特,美国,森林狼,2米11,"108,9 公斤",前锋,43.5,24.3,14.6,5.1,2.2,12.4,30.6,45.2
2003-2004,蒂姆 邓肯,美国维尔京群岛,马刺,2米13,"117,9 公斤",前锋-中锋,40.5,22.1,11.3,3.2,2.0,8.0,24.4,52.2
2003-2004,理查德 汉密尔顿,美国,活塞,2米01,"87,5 公斤",后卫-前锋,40.2,21.5,4.6,4.2,0.0,3.2,17.7,44.7
2003-2004,沙奎尔 奥尼尔,美国,湖人,2米16,"154,2 公斤",中锋,41.7,21.5,13.2,2.5,2.7,9.1,25.5,59.3
2003-2004,斯蒂芬 马布里,美国,尼克斯,1米88,"93,0 公斤",后卫,43.5,21.3,4.3,6.5,0.0,3.0,15.3,37.3
2003-2004,保罗 皮尔斯,美国,凯尔特人,1米98,"104,3 公斤",后卫-前锋,40.5,20.8,8.8,2.5,1.0,7.3,14.3,34.2
2003-2004,迈克 毕比,美国,国王,1米85,"86,2 公斤",后卫,41.4,20.0,4.2,7.0,0.4,3.4,20.7,42.9
2003-2004,理查德 杰弗森,美国,篮网,2米01,"100,7 公斤",前锋,41.8,19.8,6.3,3.8,0.7,5.0,16.8,41.8
2003-2004,拉特雷尔 斯普雷维尔,美国,森林狼,1米96,"88,5 公斤",前锋-后卫,42.8,19.8,4.4,4.0,0.6,3.8,17.0,42.1
2003-2004,史蒂夫 弗朗西斯,美国,火箭,1米91,"90,7 公斤",后卫,44.4,19.2,8.4,7.6,0.2,7.2,22.4,42.9
2003-2004,杰梅因 奥尼尔,美国,步行者,2米11,"109,8 公斤",前锋-中锋,37.8,19.2,9.1,1.2,2.2,7.3,18.6,42.3
2003-2004,肯扬 马丁,美国,篮网,2米06,"106,1 公斤",前锋,37.2,19.1,11.0,1.1,1.2,8.7,22.8,53.3
2003-2004,保罗 加索尔,西班牙,灰熊,2米13,"108,9 公斤",前锋,33.5,18.5,5.0,2.5,1.5,4.0,21.5,57.1
2003-2004,托尼 帕克,法国,马刺,1米88,"81,6 公斤",后卫,38.6,18.4,2.1,7.0,0.1,1.6,15.0,42.9
2003-2004,克里斯 韦伯,美国,国王,2米08,"111,1 公斤",前锋,37.2,18.4,8.3,3.7,0.8,6.3,18.2,45.2
2003-2004,慈 世平,美国,步行者,2米01,"111,6 公斤",前锋,38.9,18.4,6.5,3.2,1.0,4.9,15.8,37.8
2003-2004,拜伦 戴维斯,美国,黄蜂,1米91,"101,2 公斤",后卫,37.1,18.1,4.2,7.0,0.7,3.3,17.6,37.7
2003-2004,迈克尔 里德,美国,雄鹿,1米98,"97,5 公斤",后卫,38.4,18.0,5.0,2.6,0.0,3.8,11.0,41.0
2003-2004,德怀恩 韦德,美国,热火,1米93,"96,2 公斤",后卫,39.2,18.0,4.0,5.6,0.3,2.8,15.9,45.5
2003-2004,佩贾 斯托贾科维奇,Serbia and Montenegro,国王,2米08,"103,9 公斤",前锋,43.1,17.5,7.1,1.5,0.2,5.8,16.4,38.4
2003-2004,沃希恩 莱纳德,美国,掘金,1米93,"93,0 公斤",后卫,32.2,17.0,2.6,2.4,0.0,1.8,11.6,42.7
2003-2004,拉马尔 奥多姆,美国,热火,2米08,"102,1 公斤",前锋,39.4,16.8,8.3,2.8,0.7,5.8,17.2,44.5
2003-2004,萨姆 卡塞尔,美国,森林狼,1米91,"83,9 公斤",后卫,31.1,16.6,2.5,4.4,0.1,2.3,14.4,46.5
2003-2004,安芬尼 哈达威,美国,尼克斯,2米01,"97,5 公斤",后卫-前锋,42.0,16.5,4.5,5.8,0.2,3.5,15.3,36.5
2003-2004,昌西 比卢普斯,美国,活塞,1米91,"91,6 公斤",后卫,38.3,16.4,3.0,5.9,0.0,2.4,15.9,38.5
2003-2004,马奎斯 丹尼尔斯,美国,小牛,1米98,"90,7 公斤",后卫,36.8,15.8,6.2,3.0,0.6,4.2,14.4,42.7
2003-2004,安德鲁 米勒,美国,掘金,1米88,"90,7 公斤",后卫,34.8,15.4,4.6,3.2,0.0,1.6,14.8,47.2
2003-2004,卡梅隆 安东尼,美国,掘金,2米03,"99,8 公斤",前锋,35.8,15.0,8.3,2.8,0.0,6.5,11.3,32.8
2003-2004,Ming Yao,China,火箭,2米29,"140,6 公斤",中锋,37.0,15.0,7.4,1.8,1.4,5.2,15.2,45.6
2003-2004,吉姆 杰克逊,美国,火箭,1米98,"99,8 公斤",前锋-后卫,44.2,14.8,10.4,2.0,0.2,9.8,17.0,39.7
2003-2004,科里 基特尔斯,美国,篮网,1米96,"81,6 公斤",后卫,37.7,14.4,4.3,2.1,0.9,3.4,14.7,44.8
2003-2004,戴斯蒙德 梅森,美国,雄鹿,1米96,"100,7 公斤",前锋-后卫,39.6,14.4,4.8,2.4,0.4,4.0,9.8,33.8
2003-2004,卡蒂诺 莫布利,美国,火箭,1米93,"97,5 公斤",后卫,42.0,14.4,4.8,2.8,0.6,3.8,10.0,38.7
2003-2004,道格 克里斯蒂,美国,国王,1米98,"93,0 公斤",后卫-前锋,38.4,13.8,6.2,3.9,0.4,4.8,16.7,39.7
2003-2004,史蒂夫 纳什,加拿大,小牛,1米91,"88,5 公斤",后卫,39.4,13.6,5.2,9.0,0.0,4.0,17.4,38.6
2003-2004,查基 阿特金斯,美国,凯尔特人,1米80,"72,6 公斤",后卫,33.3,13.5,3.6,3.8,0.0,2.8,13.0,43.6
2003-2004,厄尔 博伊金斯,美国,掘金,1米65,"60,3 公斤",后卫,24.2,13.4,2.4,3.8,0.2,1.2,12.4,44.4
2003-2004,埃迪 琼斯,美国,热火,1米98,"90,7 公斤",后卫,36.8,13.2,3.6,2.2,0.8,3.4,11.6,36.6
2003-2004,乔 史密斯,美国,雄鹿,2米08,"102,1 公斤",前锋,35.0,13.2,10.0,0.4,2.0,5.4,19.4,49.1
2003-2004,迈克尔 芬利,美国,小牛,2米01,"102,1 公斤",后卫-前锋,39.2,13.0,3.2,2.6,0.6,2.0,9.2,38.2
2003-2004,马努 吉诺比利,阿根廷,马刺,1米98,"95,3 公斤",后卫,28.0,13.0,5.3,3.1,0.1,3.8,15.1,44.7
2003-2004,安托万 贾米森,美国,小牛,2米06,"102,1 公斤",前锋,21.8,13.0,5.0,0.4,0.4,2.0,11.8,45.6
2003-2004,拉希德 华莱士,美国,活塞,2米11,"104,3 公斤",前锋-中锋,35.0,13.0,7.7,1.6,1.9,5.7,15.1,41.3
2003-2004,卡隆 巴特勒,美国,热火,2米01,"98,4 公斤",前锋,39.3,12.8,8.5,2.4,0.5,7.1,16.6,38.6
2003-2004,科特 托马斯,美国,尼克斯,2米06,"106,6 公斤",前锋,34.8,12.8,11.6,1.5,0.7,9.3,18.0,42.9
2003-2004,马库斯 坎比,美国,掘金,2米11,"102,1 公斤",中锋-前锋,38.8,12.6,11.4,2.4,1.4,8.6,20.6,49.1
2003-2004,贾森 基德,美国,篮网,1米93,"96,2 公斤",后卫,43.1,12.6,6.7,9.0,0.5,5.2,18.5,33.3
2003-2004,詹姆斯 波西,美国,灰熊,2米03,"97,5 公斤",前锋,32.5,12.5,5.5,1.0,0.5,3.5,14.3,40.5
2005-2006,吉尔伯特 阿里纳斯,美国,奇才,1米93,"95,3 公斤",后卫,47.4,34.0,5.5,5.3,0.6,4.3,29.2,46.4
2005-2006,勒布朗 詹姆斯,美国,骑士,2米03,"108,9 公斤",前锋,46.5,30.8,8.1,5.8,0.6,6.4,27.0,47.6
2005-2006,文斯 卡特,美国,篮网,1米98,"99,8 公斤",后卫,40.9,29.6,7.0,5.3,0.5,5.5,28.0,46.3
2005-2006,德怀恩 韦德,美国,热火,1米93,"96,2 公斤",后卫,41.7,28.4,5.9,5.7,1.1,4.7,27.7,49.7
2005-2006,科比 布莱恩特,美国,湖人,1米98,"99,8 公斤",后卫,44.9,27.9,6.3,5.1,0.4,5.7,24.1,49.7
2005-2006,迈克尔 里德,美国,雄鹿,1米98,"97,5 公斤",后卫,37.1,27.2,5.4,1.6,0.0,2.2,24.0,52.4
2005-2006,德克 诺维茨基,德国,小牛,2米13,"111,1 公斤",前锋,42.7,27.0,11.6,2.9,0.6,9.6,30.3,46.8
2005-2006,蒂姆 邓肯,美国维尔京群岛,马刺,2米11,"117,9 公斤",前锋-中锋,37.9,25.8,10.5,3.3,1.9,8.0,30.1,57.3
2005-2006,艾尔顿 布兰德,美国,快船,2米03,"115,2 公斤",前锋,43.1,25.4,10.3,4.0,2.5,6.0,30.8,55.1
2005-2006,邦奇 威尔斯,美国,国王,1米96,"95,3 公斤",后卫,41.5,23.2,12.0,1.3,0.3,7.8,26.5,60.9
2005-2006,安德烈斯 诺西奥尼,阿根廷,公牛,2米01,"102,1 公斤",前锋,38.3,22.3,8.8,1.5,0.3,8.0,24.5,56.0
2005-2006,理查德 杰弗森,美国,篮网,2米01,"102,1 公斤",前锋-后卫,39.7,22.2,4.1,4.1,0.3,3.5,21.1,54.5
2005-2006,托尼 帕克,法国,马刺,1米88,"80,3 公斤",后卫,36.5,21.1,3.6,3.8,0.0,3.0,16.0,46.0
2005-2006,卡梅隆 安东尼,美国,掘金,2米03,"104,3 公斤",前锋,38.5,21.0,6.6,2.8,0.2,4.2,12.6,33.3
2005-2006,本 戈登,美国,公牛,1米91,"90,7 公斤",后卫,40.9,21.0,3.3,3.0,0.0,2.5,13.0,40.6
2005-2006,杰梅因 奥尼尔,美国,步行者,2米11,"117,9 公斤",中锋-前锋,36.0,21.0,7.5,1.7,2.3,6.0,19.5,52.4
2005-2006,柯克 辛里奇,美国,公牛,1米91,"86,2 公斤",后卫,39.1,20.5,3.3,7.7,0.3,3.3,19.0,41.5
2005-2006,理查德 汉密尔顿,美国,活塞,2米01,"87,5 公斤",后卫,38.3,20.4,2.9,2.7,0.2,2.0,13.9,41.3
2005-2006,肖恩 马里昂,美国,太阳,2米01,"103,4 公斤",前锋,42.5,20.4,11.7,1.6,1.1,8.8,26.6,48.9
2005-2006,史蒂夫 纳什,加拿大,太阳,1米91,"88,5 公斤",后卫,39.9,20.4,3.7,10.2,0.2,3.2,23.9,50.2
2005-2006,保罗 加索尔,西班牙,灰熊,2米13,"108,9 公斤",前锋,39.5,20.3,6.8,3.0,1.2,5.8,17.8,43.3
2005-2006,安东尼 约翰逊,美国,步行者,1米91,"90,7 公斤",后卫,40.3,20.0,5.0,5.2,0.0,3.7,20.0,51.7
2005-2006,安托万 贾米森,美国,奇才,2米06,"106,6 公斤",前锋,42.1,19.2,7.2,3.0,0.3,5.7,18.3,42.4
2005-2006,拉马尔 奥多姆,美国,湖人,2米08,"104,3 公斤",前锋,44.8,19.1,11.0,4.9,1.1,8.9,24.0,49.5
2005-2006,贾森 特里,美国,小牛,1米88,"81,6 公斤",后卫,38.4,18.9,2.9,3.8,0.0,2.4,14.9,44.2
2005-2006,鲍里斯 迪奥,法国,太阳,2米03,"97,5 公斤",前锋,39.8,18.7,6.7,5.2,1.1,4.7,21.9,52.6
2005-2006,卡隆 巴特勒,美国,奇才,2米01,"103,4 公斤",前锋,43.7,18.5,10.5,2.7,0.6,7.8,21.3,41.6
2005-2006,马努 吉诺比利,阿根廷,马刺,1米98,"93,0 公斤",后卫,32.8,18.4,4.5,3.0,0.5,3.8,18.1,48.4
2005-2006,沙奎尔 奥尼尔,美国,热火,2米16,"147,4 公斤",中锋,33.0,18.4,9.8,1.7,1.4,6.5,18.3,61.2
2005-2006,萨姆 卡塞尔,美国,快船,1米91,"83,9 公斤",后卫,33.7,18.0,4.1,5.8,0.1,3.3,17.3,43.7
2005-2006,昌西 比卢普斯,美国,活塞,1米91,"91,6 公斤",后卫,39.2,17.9,3.4,6.5,0.1,3.0,18.6,40.6
2005-2006,慈 世平,美国,国王,2米01,"117,9 公斤",前锋,39.6,17.4,5.0,3.0,0.8,3.4,15.4,38.3
2005-2006,迈克 毕比,美国,国王,1米88,"86,2 公斤",后卫,42.6,16.7,3.8,5.2,0.0,2.8,13.7,34.8
2005-2006,约什 霍华德,美国,小牛,2米01,"95,3 公斤",前锋,35.8,16.7,7.5,1.4,0.6,5.7,16.7,45.3
2005-2006,安德鲁 米勒,美国,掘金,1米88,"93,0 公斤",后卫,36.4,16.4,4.4,7.2,0.2,2.8,16.8,44.2
2005-2006,泰肖恩 普林斯,美国,活塞,2米06,"97,5 公斤",前锋,41.4,16.4,5.7,3.0,0.8,3.3,17.2,45.9
2005-2006,科里 马盖蒂,美国,快船,1米98,"102,1 公斤",前锋-后卫,24.3,15.3,7.3,1.4,0.4,6.7,16.8,46.7
2005-2006,蒂姆 托马斯,美国,太阳,2米08,"108,9 公斤",前锋,31.8,15.1,6.3,1.3,0.4,5.5,16.7,49.1
2005-2006,内纳德 科斯蒂奇,,篮网,2米13,"108,9 公斤",中锋,33.3,14.7,6.8,0.7,0.9,4.5,14.6,50.4
2005-2006,莱昂德罗 巴博萨,巴西,太阳,1米91,"85,3 公斤",后卫,31.6,14.2,1.7,2.7,0.2,1.4,11.8,47.0
2005-2006,拉希德 华莱士,美国,活塞,2米11,"104,3 公斤",前锋,34.9,14.1,6.3,1.8,0.8,5.4,13.7,43.0
2005-2006,杰里 斯塔克豪斯,美国,小牛,1米98,"98,9 公斤",后卫-前锋,32.3,13.7,2.8,2.5,0.2,1.9,10.0,40.2
2005-2006,拉加 贝尔,美国维尔京群岛,太阳,1米96,"95,3 公斤",后卫,39.6,13.6,2.9,2.2,0.2,2.4,13.5,47.9
2005-2006,斯蒂芬 杰克逊,美国,步行者,2米03,"98,9 公斤",后卫,37.9,13.3,4.5,3.3,0.1,3.7,10.2,36.6
2005-2006,卡蒂诺 莫布利,美国,快船,1米93,"97,5 公斤",后卫,39.4,13.3,4.7,2.0,0.2,3.9,11.9,42.7
2005-2006,安托万 沃克,美国,热火,2米06,"111,1 公斤",前锋,37.5,13.3,5.6,2.4,0.3,4.9,12.3,40.3
2005-2006,安东尼奥 丹尼尔斯,美国,奇才,1米93,"93,0 公斤",后卫,36.1,13.2,2.8,3.3,0.1,2.5,14.0,53.8
2005-2006,凯文 马丁,美国,国王,2米01,"83,9 公斤",后卫,32.8,13.2,5.0,0.5,0.3,3.3,13.8,40.7
2005-2006,夸梅 布朗,美国,湖人,2米11,"112,5 公斤",前锋-中锋,32.1,12.9,6.5,1.0,0.8,4.1,14.1,52.3
2005-2006,格雷格 巴克纳,美国,掘金,1米93,"93,0 公斤",后卫-前锋,27.4,12.6,2.8,1.2,0.2,2.2,10.6,41.8
2006-2007,科比 布莱恩特,美国,湖人,1米98,"99,8 公斤",后卫,42.9,32.8,5.2,4.4,0.4,5.0,24.8,46.2
2006-2007,安托万 贾米森,美国,奇才,2米06,"106,6 公斤",前锋,43.1,32.0,9.8,1.3,1.0,6.5,27.5,47.6
2006-2007,卡梅隆 安东尼,美国,掘金,2米03,"104,3 公斤",前锋,42.0,26.8,8.6,1.2,0.0,5.0,22.0,48.0
2006-2007,拜伦 戴维斯,美国,勇士,1米91,"97,5 公斤",后卫,40.4,25.3,4.5,6.5,0.6,3.5,27.0,51.3
2006-2007,特雷西 麦格雷迪,美国,火箭,2米03,"101,2 公斤",后卫-前锋,40.0,25.3,5.8,7.3,0.8,5.1,21.0,39.4
2006-2007,阿马尔 斯塔德迈尔,美国,太阳,2米08,"111,1 公斤",中锋,34.3,25.3,12.1,0.6,1.9,9.1,28.9,52.3
2006-2007,勒布朗 詹姆斯,美国,骑士,2米03,"108,9 公斤",前锋,44.6,25.1,8.1,8.0,0.5,6.8,25.9,41.6
2006-2007,Ming Yao,China,火箭,2米29,"140,6 公斤",中锋,37.2,25.1,10.3,0.9,0.7,7.0,21.1,44.0
2006-2007,卡洛斯 布泽尔,美国,爵士,2米06,"120,7 公斤",前锋-中锋,38.5,23.5,12.2,2.9,0.2,9.0,27.1,53.6
2006-2007,德怀恩 韦德,美国,热火,1米93,"96,2 公斤",后卫,40.5,23.5,4.8,6.3,0.5,3.0,16.0,42.9
2006-2007,阿伦 艾弗森,美国,掘金,1米83,"74,8 公斤",后卫,44.6,22.8,0.6,5.8,0.0,0.6,12.0,36.8
2006-2007,文斯 卡特,美国,篮网,1米98,"99,8 公斤",后卫-前锋,40.6,22.3,6.8,5.3,0.5,5.4,18.8,39.6
2006-2007,罗尔 邓,英国,公牛,2米06,"99,8 公斤",前锋-后卫,41.0,22.2,8.7,2.4,0.7,5.7,23.6,52.4
2006-2007,蒂姆 邓肯,美国维尔京群岛,马刺,2米11,"117,9 公斤",前锋-中锋,36.8,22.2,11.5,3.3,3.1,7.8,27.1,52.1
2006-2007,约什 霍华德,美国,小牛,2米01,"95,3 公斤",前锋-后卫,41.4,21.3,9.8,2.8,0.8,7.3,25.7,51.5
2006-2007,托尼 帕克,法国,马刺,1米88,"81,6 公斤",后卫,37.5,20.8,3.4,5.8,0.0,2.7,16.9,48.0
2006-2007,本 戈登,美国,公牛,1米91,"90,7 公斤",后卫,39.5,20.4,3.8,3.8,0.1,2.9,16.5,41.5
2006-2007,斯蒂芬 杰克逊,美国,勇士,2米03,"98,9 公斤",后卫-前锋,41.3,19.9,3.6,3.6,0.7,3.1,15.6,37.9
2006-2007,理查德 杰弗森,美国,篮网,2米01,"104,3 公斤",前锋-后卫,40.7,19.7,5.6,2.3,0.4,5.3,18.8,48.2
2006-2007,德克 诺维茨基,德国,小牛,2米13,"111,1 公斤",前锋,39.8,19.7,11.4,2.3,1.3,7.2,23.2,38.3
2006-2007,拉马尔 奥多姆,美国,湖人,2米08,"104,3 公斤",前锋,38.4,19.4,13.0,2.2,1.2,9.0,23.0,48.2
2006-2007,德隆 威廉姆斯,美国,爵士,1米91,"93,0 公斤",后卫,38.7,19.2,4.3,8.6,0.2,3.8,20.2,45.2
2006-2007,贾森 理查德森,美国,勇士,1米98,"102,1 公斤",后卫-前锋,38.9,19.1,6.7,2.0,0.4,4.5,18.5,47.6
2006-2007,史蒂夫 纳什,加拿大,太阳,1米91,"88,5 公斤",后卫,37.5,18.9,3.2,13.3,0.0,2.8,23.2,46.3
2006-2007,理查德 汉密尔顿,美国,活塞,2米01,"87,5 公斤",后卫-前锋,39.9,18.8,4.3,3.8,0.1,2.3,16.2,42.9
2006-2007,沙奎尔 奥尼尔,美国,热火,2米16,"147,4 公斤",中锋,30.2,18.8,8.5,1.3,1.5,4.5,15.8,55.9
2006-2007,昌西 比卢普斯,美国,活塞,1米91,"91,6 公斤",后卫,40.6,18.6,3.3,5.7,0.1,2.9,18.0,43.5
2006-2007,克里斯 波什,美国,猛龙,2米08,"104,3 公斤",前锋,37.0,17.5,9.0,2.5,1.8,7.8,19.5,39.6
2006-2007,贾森 特里,美国,小牛,1米88,"81,6 公斤",后卫,38.2,17.0,2.3,3.7,0.3,1.8,12.0,42.4
2006-2007,肖恩 马里昂,美国,太阳,2米01,"103,4 公斤",前锋,41.3,16.9,10.4,1.2,1.7,7.9,22.6,50.0
2006-2007,马努 吉诺比利,阿根廷,马刺,1米98,"93,0 公斤",后卫,30.1,16.7,5.5,3.7,0.2,4.7,17.2,40.1
2006-2007,T.J. 福特,美国,猛龙,1米83,"74,8 公斤",后卫,22.7,16.0,1.6,4.0,0.3,0.8,13.7,48.7
2006-2007,莱昂德罗 巴博萨,巴西,太阳,1米91,"85,3 公斤",后卫,31.7,15.8,3.4,2.2,0.1,2.8,11.2,40.5
2006-2007,德怀特 霍华德,美国,魔术,2米11,"120,2 公斤",中锋-前锋,41.9,15.3,14.8,1.8,1.0,10.8,19.8,54.8
2006-2007,内内,巴西,掘金,2米11,"121,6 公斤",前锋-中锋,35.8,15.2,7.8,2.4,0.6,3.4,18.8,58.5
2006-2007,安东尼 帕克,美国,猛龙,1米98,"97,5 公斤",后卫-前锋,40.0,15.2,5.3,1.0,0.3,4.8,14.8,41.9
2006-2007,格兰特 希尔,美国,魔术,2米03,"102,1 公斤",后卫-前锋,35.8,15.0,5.5,3.8,0.2,5.0,15.0,50.0
2006-2007,贾森 基德,美国,篮网,1米93,"95,3 公斤",后卫,40.3,14.6,10.9,10.9,0.4,9.0,27.3,43.2
2006-2007,贾米尔 尼尔森,美国,魔术,1米83,"86,2 公斤",后卫,32.3,14.3,3.0,3.3,0.0,2.0,11.5,42.0
2006-2007,杰里 斯塔克豪斯,美国,小牛,1米98,"98,9 公斤",前锋-后卫,28.1,14.3,3.6,2.5,0.1,2.8,10.5,34.8
2006-2007,拉希德 华莱士,美国,活塞,2米11,"104,3 公斤",前锋-中锋,35.8,14.3,7.7,1.8,1.7,6.5,18.2,43.7
2006-2007,泰肖恩 普林斯,美国,活塞,2米06,"97,5 公斤",前锋,41.6,14.1,6.5,3.8,0.3,4.8,15.5,41.5
2006-2007,希多 特克格鲁,土耳其,魔术,2米08,"99,8 公斤",前锋,38.9,13.8,3.3,3.5,1.0,2.8,13.5,50.0
2006-2007,安东尼奥 丹尼尔斯,美国,奇才,1米93,"93,0 公斤",后卫,43.9,13.3,4.5,11.8,0.2,4.0,23.3,44.7
2006-2007,德文 哈里斯,美国,小牛,1米91,"83,9 公斤",后卫,27.2,13.2,2.0,5.0,0.1,1.8,13.7,49.2
2006-2007,何塞 卡尔德隆,西班牙,猛龙,1米91,"95,3 公斤",后卫,24.3,13.0,1.6,5.3,0.0,1.3,12.5,50.7
2006-2007,扎诸纳斯 伊尔戈斯卡斯,立陶宛,骑士,2米21,"117,9 公斤",中锋,32.4,12.6,9.7,0.9,0.8,6.4,17.2,49.2
2006-2007,达科 米利西奇,塞尔维亚,魔术,2米13,"124,7 公斤",前锋-中锋,28.7,12.3,4.5,1.0,1.0,2.0,13.0,58.8
2006-2007,柯克 辛里奇,美国,公牛,1米91,"86,2 公斤",后卫,36.2,12.1,4.2,7.5,0.3,3.8,14.8,37.6
2006-2007,梅米特 奥库,土耳其,爵士,2米11,"119,3 公斤",中锋,34.4,11.8,7.8,1.8,0.9,5.6,15.1,38.8
2007-2008,科比 布莱恩特,美国,湖人,1米98,"93,0 公斤",后卫,41.1,30.1,5.7,5.6,0.3,4.8,26.9,47.9
2007-2008,勒布朗 詹姆斯,美国,骑士,2米03,"113,4 公斤",前锋,42.5,28.2,7.8,7.6,1.3,6.6,26.6,41.1
2007-2008,特雷西 麦格雷迪,美国,火箭,2米03,"101,2 公斤",后卫,41.2,27.0,8.2,6.8,0.8,7.0,24.0,42.5
2007-2008,德克 诺维茨基,德国,小牛,2米13,"111,1 公斤",前锋,42.1,26.8,12.0,4.0,1.4,10.0,30.8,47.3
2007-2008,阿伦 艾弗森,美国,掘金,1米83,"81,6 公斤",后卫,39.5,24.5,3.0,4.5,0.2,2.0,17.3,43.4
2007-2008,克里斯 保罗,美国,黄蜂,1米83,"79,4 公斤",后卫,40.5,24.1,4.9,11.3,0.1,3.6,30.3,50.2
2007-2008,克里斯 波什,美国,猛龙,2米08,"104,3 公斤",前锋,39.8,24.0,9.0,3.6,0.4,5.0,25.2,47.2
2007-2008,阿马尔 斯塔德迈尔,美国,太阳,2米08,"112,9 公斤",中锋-前锋,40.8,23.2,9.0,0.4,2.4,6.0,21.2,48.5
2007-2008,卡梅隆 安东尼,美国,掘金,2米03,"104,3 公斤",前锋,36.6,22.5,9.6,2.0,0.2,4.8,16.5,36.4
2007-2008,托尼 帕克,法国,马刺,1米88,"81,6 公斤",后卫,38.5,22.4,3.7,6.1,0.0,3.1,19.8,49.7
2007-2008,理查德 汉密尔顿,美国,活塞,2米01,"87,5 公斤",后卫,38.6,21.6,4.2,3.9,0.5,3.1,19.5,47.0
2007-2008,德隆 威廉姆斯,美国,爵士,1米91,"93,0 公斤",后卫,42.8,21.6,3.6,10.0,0.3,2.3,24.0,49.2
2007-2008,大卫 韦斯特,美国,黄蜂,2米06,"108,9 公斤",前锋,40.4,21.2,8.6,2.8,1.9,6.8,23.5,46.6
2007-2008,凯文 加内特,美国,凯尔特人,2米11,"99,8 公斤",前锋,37.9,20.4,10.6,3.3,1.1,7.8,25.3,49.5
2007-2008,蒂姆 邓肯,美国维尔京群岛,马刺,2米11,"117,9 公斤",前锋-中锋,39.2,20.2,14.5,3.3,2.0,10.9,26.2,44.9
2007-2008,乔 约翰逊,美国,老鹰,2米01,"106,6 公斤",后卫,39.3,20.0,3.9,4.0,0.0,2.6,15.7,40.9
2007-2008,保罗 皮尔斯,美国,凯尔特人,2米01,"106,6 公斤",前锋,38.1,19.7,5.0,4.6,0.3,4.2,18.1,44.1
2007-2008,拉沙德 刘易斯,美国,魔术,2米08,"104,3 公斤",前锋,41.7,19.5,7.2,3.4,0.5,4.8,19.5,43.6
2007-2008,德怀特 霍华德,美国,魔术,2米11,"120,2 公斤",中锋,42.1,18.9,15.8,0.9,3.4,9.8,27.6,58.1
2007-2008,卡隆 巴特勒,美国,奇才,2米01,"103,4 公斤",前锋,41.0,18.7,5.7,3.8,0.1,4.0,19.0,46.0
2007-2008,JR 史密斯,美国,掘金,1米98,"99,8 公斤",后卫,26.9,18.3,1.8,1.8,0.0,1.5,15.5,53.5
2007-2008,马努 吉诺比利,阿根廷,马刺,1米98,"93,0 公斤",后卫,32.9,17.8,3.7,3.9,0.2,2.9,15.3,42.2
2007-2008,希多 特克格鲁,土耳其,魔术,2米08,"99,8 公斤",前锋,39.9,17.5,6.4,5.5,0.2,5.0,18.1,44.7
2007-2008,保罗 加索尔,西班牙,湖人,2米13,"113,4 公斤",前锋-中锋,39.8,16.9,9.3,4.0,1.9,6.7,23.0,53.0
2007-2008,安托万 贾米森,美国,奇才,2米06,"106,6 公斤",前锋,39.5,16.8,12.0,1.0,1.3,8.8,19.3,40.6
2007-2008,史蒂夫 纳什,加拿大,太阳,1米91,"80,7 公斤",后卫,36.6,16.2,2.8,7.8,0.2,2.6,17.2,45.7
2007-2008,贾米尔 尼尔森,美国,魔术,1米83,"86,2 公斤",后卫,33.3,16.2,4.1,4.7,0.2,3.7,16.9,50.4
2007-2008,昌西 比卢普斯,美国,活塞,1米91,"91,6 公斤",后卫,32.0,16.1,2.9,5.5,0.0,2.5,16.1,40.1
2007-2008,卡洛斯 布泽尔,美国,爵士,2米06,"120,7 公斤",前锋,36.7,16.0,12.3,2.8,0.1,8.8,18.5,41.5
2007-2008,贾森 特里,美国,小牛,1米88,"81,6 公斤",后卫,35.9,15.8,1.6,4.8,0.2,1.4,14.6,43.3
2007-2008,约什 史密斯,美国,老鹰,2米06,"106,6 公斤",前锋,33.8,15.7,6.4,2.9,2.8,5.4,17.3,39.8
2007-2008,雷 阿伦,美国,凯尔特人,1米96,"93,0 公斤",后卫,38.0,15.6,3.8,2.7,0.3,2.8,14.7,42.8
2007-2008,贾森 卡波诺,美国,猛龙,2米03,"97,5 公斤",前锋,30.4,15.6,2.6,0.8,0.0,2.2,14.4,58.5
2007-2008,梅米特 奥库,土耳其,爵士,2米11,"119,3 公斤",中锋,38.5,15.4,11.7,1.9,0.6,8.9,20.5,42.3
2007-2008,安德鲁 米勒,美国,76人,1米88,"90,7 公斤",后卫,38.2,15.3,3.2,3.3,0.0,2.0,10.7,43.8
2007-2008,沙奎尔 奥尼尔,美国,太阳,2米16,"147,4 公斤",中锋,30.0,15.2,9.2,1.0,2.6,6.6,15.2,44.0
2007-2008,鲍里斯 迪奥,法国,太阳,2米03,"106,6 公斤",前锋-中锋,35.5,14.6,5.6,4.6,0.8,4.2,17.6,54.7
2007-2008,拉夫 阿尔斯通,美国,火箭,1米88,"79,4 公斤",后卫,31.5,14.3,1.5,4.5,0.0,1.0,12.8,43.8
2007-2008,拉马尔 奥多姆,美国,湖人,2米08,"104,3 公斤",前锋,37.4,14.3,9.9,3.0,1.2,7.7,19.6,49.1
2007-2008,佩贾 斯托贾科维奇,Serbia and Montenegro,黄蜂,2米08,"103,9 公斤",前锋,37.9,14.1,5.4,0.5,0.0,4.9,13.5,43.6
2007-2008,利纳斯 克雷扎,立陶宛,掘金,2米03,"111,1 公斤",前锋-后卫,30.5,14.0,6.5,0.8,0.0,4.5,14.5,53.7
2007-2008,路易斯 斯科拉,阿根廷,火箭,2米06,"111,1 公斤",前锋-中锋,36.7,14.0,9.3,1.3,0.1,5.3,15.5,44.8
2007-2008,泰肖恩 普林斯,美国,活塞,2米06,"97,5 公斤",前锋,39.5,13.8,5.5,3.2,0.4,3.6,15.2,48.1
2007-2008,拉加 贝尔,美国维尔京群岛,太阳,1米96,"97,5 公斤",后卫,43.0,13.6,5.6,2.2,0.2,4.4,17.2,56.8
2007-2008,安德鲁 伊格达拉,美国,76人,1米98,"93,9 公斤",前锋-后卫,39.0,13.2,4.8,5.0,0.1,3.8,11.3,33.3
2007-2008,拉希德 华莱士,美国,活塞,2米11,"104,3 公斤",中锋-前锋,34.4,13.2,6.3,1.6,1.9,5.2,15.1,42.4
2007-2008,扎诸纳斯 伊尔戈斯卡斯,立陶宛,骑士,2米21,"117,9 公斤",中锋,30.3,13.1,7.5,1.6,1.0,5.0,15.8,47.9
2007-2008,艾尔 霍福德,多明尼加共和国,老鹰,2米08,"111,1 公斤",中锋-前锋,39.5,12.6,10.4,3.6,1.0,7.3,19.4,47.2
2007-2008,约什 霍华德,美国,小牛,1米96,"95,3 公斤",前锋-后卫,34.2,12.6,7.0,1.4,0.4,4.6,8.8,29.2
2007-2008,德肖恩 史蒂文森,美国,奇才,1米96,"98,9 公斤",后卫,32.6,12.3,2.1,3.0,0.0,1.8,10.3,36.7
2008-2009,勒布朗 詹姆斯,美国,骑士,2米03,"113,4 公斤",前锋,41.4,35.3,9.2,7.3,0.8,7.8,37.0,51.0
2008-2009,科比 布莱恩特,美国,湖人,1米98,"93,0 公斤",后卫,40.9,30.2,5.3,5.5,0.9,4.5,27.5,45.7
2008-2009,德怀恩 韦德,美国,热火,1米93,"98,0 公斤",后卫,40.7,29.1,5.0,5.3,1.5,4.4,24.7,43.9
2008-2009,托尼 帕克,法国,马刺,1米88,"81,6 公斤",后卫,36.3,28.6,4.2,6.8,0.2,4.0,25.2,54.6
2008-2009,卡梅隆 安东尼,美国,掘金,2米03,"104,3 公斤",前锋,38.2,27.2,5.8,4.1,0.6,4.2,24.6,45.3
2008-2009,德克 诺维茨基,德国,小牛,2米13,"111,1 公斤",前锋,39.4,26.8,10.1,3.1,0.8,8.9,30.5,51.8
2008-2009,布兰登 罗伊,美国,开拓者,1米98,"95,7 公斤",后卫,39.7,26.7,4.8,2.8,1.1,3.8,22.7,45.9
2008-2009,本 戈登,美国,公牛,1米91,"90,7 公斤",后卫,43.5,24.3,2.8,3.0,0.1,2.4,16.9,38.8
2008-2009,安德鲁 伊格达拉,美国,76人,1米98,"93,9 公斤",后卫-前锋,44.8,21.5,6.3,6.7,0.0,5.3,20.7,44.9
2008-2009,安德鲁 米勒,美国,76人,1米88,"90,7 公斤",后卫,43.0,21.2,6.3,5.3,0.1,4.8,21.2,47.5
2008-2009,保罗 皮尔斯,美国,凯尔特人,2米01,"106,6 公斤",前锋,39.7,21.0,5.8,3.1,0.3,5.5,18.8,43.0
2008-2009,昌西 比卢普斯,美国,掘金,1米91,"91,6 公斤",后卫,38.7,20.6,3.8,6.8,0.2,3.5,23.4,45.7
2008-2009,卡洛斯 布泽尔,美国,爵士,2米06,"120,7 公斤",前锋,37.1,20.6,13.2,2.2,0.4,10.8,26.6,52.8
2008-2009,德怀特 霍华德,美国,魔术,2米11,"120,2 公斤",中锋,39.2,20.3,15.3,1.9,2.6,11.0,29.8,60.1
2008-2009,德隆 威廉姆斯,美国,爵士,1米91,"93,9 公斤",后卫,42.1,20.2,3.8,10.8,0.4,3.0,23.2,41.4
2008-2009,蒂姆 邓肯,美国维尔京群岛,马刺,2米11,"117,9 公斤",前锋,32.7,19.8,8.0,3.2,1.2,5.6,22.0,53.2
2008-2009,德里克 罗斯,美国,公牛,1米91,"86,2 公斤",后卫,44.8,19.7,6.3,6.4,0.7,4.6,19.3,49.2
2008-2009,拉马库斯 阿尔德里奇,美国,开拓者,2米11,"108,9 公斤",前锋,39.5,19.5,7.5,1.3,1.6,6.0,19.0,49.0
2008-2009,拉沙德 刘易斯,美国,魔术,2米08,"104,3 公斤",前锋,41.1,19.0,6.4,2.9,0.5,5.2,18.7,44.8
2008-2009,雷 阿伦,美国,凯尔特人,1米96,"93,0 公斤",后卫,40.4,18.3,3.9,2.6,0.3,3.0,15.5,40.3
2008-2009,保罗 加索尔,西班牙,湖人,2米13,"113,4 公斤",前锋-中锋,40.5,18.3,10.9,2.5,1.9,7.9,25.7,58.0
2008-2009,约翰 萨尔蒙斯,美国,公牛,1米98,"93,9 公斤",前锋-后卫,44.7,18.1,4.5,2.3,1.0,3.6,15.6,40.2
2008-2009,大卫 韦斯特,美国,黄蜂,2米06,"108,9 公斤",前锋,35.7,18.0,7.4,1.2,0.4,6.4,15.0,40.0
2008-2009,约什 史密斯,美国,老鹰,2米06,"108,9 公斤",前锋,37.3,17.1,7.5,2.2,1.5,5.3,17.4,42.1
2008-2009,Ming Yao,China,火箭,2米29,"140,6 公斤",中锋,35.8,17.1,10.9,1.0,1.2,8.8,23.2,54.5
2008-2009,拉简 隆多,美国,凯尔特人,1米85,"77,6 公斤",后卫,41.2,16.9,9.7,9.8,0.2,7.4,25.4,41.7
2008-2009,阿隆 布鲁克斯,美国,火箭,1米83,"73,0 公斤",后卫,34.1,16.8,2.6,3.4,0.2,2.3,13.3,45.3
2008-2009,克里斯 保罗,美国,黄蜂,1米83,"79,4 公斤",后卫,40.2,16.6,4.4,10.4,0.0,3.6,19.0,41.1
2008-2009,乔 约翰逊,美国,老鹰,2米01,"108,9 公斤",后卫,39.0,16.4,4.4,3.5,0.0,2.9,12.3,41.7
2008-2009,莫 威廉姆斯,美国,骑士,1米85,"86,2 公斤",后卫,38.6,16.3,3.2,4.1,0.0,2.6,13.3,40.8
2008-2009,格伦  戴维斯,美国,凯尔特人,2米06,"131,1 公斤",前锋,36.4,15.8,5.7,1.8,0.5,3.3,15.9,49.1
2008-2009,约什 霍华德,美国,小牛,2米01,"95,3 公斤",前锋-后卫,29.5,15.8,5.1,1.3,0.4,4.1,13.1,43.8
2008-2009,希多 特克格鲁,土耳其,魔术,2米08,"99,8 公斤",前锋,38.9,15.8,4.6,4.8,0.1,4.2,15.5,42.7
2008-2009,慈 世平,美国,火箭,2米01,"117,9 公斤",后卫-前锋,37.5,15.6,4.3,4.2,0.2,3.4,12.8,39.4
2008-2009,罗德尼 斯塔基,美国,活塞,1米96,"93,0 公斤",后卫,32.0,15.0,2.3,5.3,0.0,1.8,11.3,39.3
2008-2009,JR 史密斯,美国,掘金,1米98,"99,8 公斤",后卫,27.2,14.9,3.3,2.8,0.2,2.6,12.8,45.4
2008-2009,路易斯 斯科拉,阿根廷,火箭,2米06,"111,1 公斤",前锋-中锋,32.6,14.4,8.4,1.8,0.2,6.2,16.3,49.4
2008-2009,贾森 特里,美国,小牛,1米88,"81,6 公斤",后卫,32.5,14.3,2.8,1.9,0.3,2.2,9.9,38.9
2008-2009,德隆蒂 韦斯特,美国,骑士,1米91,"81,6 公斤",后卫,42.2,13.8,3.5,4.1,0.5,3.1,14.4,46.5
2008-2009,理查德 汉密尔顿,美国,活塞,2米01,"87,5 公斤",后卫,38.5,13.3,2.8,5.0,0.2,2.3,10.3,35.6
2008-2009,杰梅因 奥尼尔,美国,热火,2米11,"117,0 公斤",中锋-前锋,27.0,13.3,4.5,1.5,1.5,3.3,14.5,54.9
2008-2009,迈克 毕比,美国,老鹰,1米88,"88,5 公斤",后卫,35.4,13.2,3.3,4.2,0.1,2.8,14.4,46.2
2008-2009,安东尼奥 迈克戴斯,美国,活塞,2米06,"111,1 公斤",前锋-中锋,34.0,13.0,8.5,0.5,0.7,7.0,16.8,52.3
2008-2009,柯克 辛里奇,美国,公牛,1米91,"86,2 公斤",后卫,30.1,12.6,2.7,2.9,0.4,2.4,13.3,46.8
2008-2009,拉马尔 奥多姆,美国,湖人,2米08,"104,3 公斤",前锋,31.9,12.3,9.1,1.8,1.3,6.3,18.0,52.4
2008-2009,拉夫 阿尔斯通,美国,魔术,1米88,"79,4 公斤",后卫,32.2,12.2,2.4,4.1,0.1,2.3,10.6,38.0
2008-2009,迈克尔 比斯利,美国,热火,2米06,"111,1 公斤",前锋,25.5,12.1,7.3,1.0,1.0,5.9,11.9,38.6
2008-2009,赛迪斯 杨,美国,76人,2米03,"99,8 公斤",前锋,38.2,12.0,4.5,1.3,0.1,3.0,11.0,44.3
2008-2009,肯德里克 帕金斯,美国,凯尔特人,2米08,"127,0 公斤",中锋,36.6,11.9,11.5,1.4,2.6,7.9,21.0,57.5
2008-2009,威尔 拜纳姆,美国,活塞,1米83,"83,9 公斤",后卫,19.6,11.8,1.6,2.5,0.0,1.3,9.8,46.2
2009-2010,德怀恩 韦德,美国,热火,1米93,"99,8 公斤",后卫,42.0,33.2,5.6,6.8,1.6,4.4,31.4,56.4
2009-2010,卡梅隆 安东尼,美国,掘金,2米03,"104,3 公斤",前锋,42.3,30.7,8.5,3.3,0.5,6.2,28.0,46.4
2009-2010,科比 布莱恩特,美国,湖人,1米98,"93,0 公斤",后卫,40.1,29.2,6.0,5.5,0.7,4.9,26.0,45.8
2009-2010,勒布朗 詹姆斯,美国,骑士,2米03,"113,4 公斤",前锋,41.8,29.1,9.3,7.6,1.8,7.9,33.3,50.2
2009-2010,德里克 罗斯,美国,公牛,1米91,"86,2 公斤",后卫,42.5,26.8,3.4,7.2,0.0,2.6,21.2,45.6
2009-2010,德克 诺维茨基,德国,小牛,2米13,"111,1 公斤",前锋,38.8,26.7,8.2,3.0,0.6,7.0,29.3,54.7
2009-2010,凯文 杜兰特,美国,雷霆,2米06,"104,3 公斤",前锋,38.5,25.0,7.6,2.3,1.3,6.3,18.5,35.0
2009-2010,德隆 威廉姆斯,美国,爵士,1米91,"93,9 公斤",后卫,39.8,24.3,2.7,10.2,0.4,2.3,25.2,45.0
2009-2010,阿马尔 斯塔德迈尔,美国,太阳,2米08,"112,9 公斤",前锋,36.5,22.2,6.7,1.1,1.5,3.8,20.3,51.9
2009-2010,拉塞尔 威斯布鲁克,美国,雷霆,1米91,"84,8 公斤",后卫,35.4,20.5,6.0,6.0,0.1,4.3,23.0,47.3
2009-2010,昌西 比卢普斯,美国,掘金,1米91,"91,6 公斤",后卫,34.5,20.3,2.4,6.3,0.5,2.2,19.0,44.6
2009-2010,贾森 理查德森,美国,太阳,1米98,"102,1 公斤",后卫,33.3,19.8,5.4,1.1,0.2,4.3,19.1,50.2
2009-2010,卡洛斯 布泽尔,美国,爵士,2米06,"120,7 公斤",前锋,40.2,19.7,13.2,3.0,0.7,9.9,25.1,53.0
2009-2010,卡隆 巴特勒,美国,小牛,2米01,"103,4 公斤",前锋,33.7,19.7,5.8,1.3,0.8,5.3,17.0,43.4
2009-2010,保罗 加索尔,西班牙,湖人,2米13,"113,4 公斤",前锋-中锋,39.7,19.6,11.1,3.5,2.0,7.1,27.0,53.9
2009-2010,马努 吉诺比利,阿根廷,马刺,1米98,"93,0 公斤",后卫,35.2,19.4,3.7,6.0,0.2,3.3,19.8,41.4
2009-2010,拉马库斯 阿尔德里奇,美国,开拓者,2米11,"108,9 公斤",前锋,38.2,19.0,6.0,2.2,1.8,4.3,17.7,43.0
2009-2010,蒂姆 邓肯,美国维尔京群岛,马刺,2米11,"117,9 公斤",前锋,37.3,19.0,9.9,2.6,1.7,6.9,20.8,52.0
2009-2010,贾米尔 尼尔森,美国,魔术,1米83,"86,2 公斤",后卫,34.2,19.0,3.5,4.8,0.0,2.9,18.0,47.9
2009-2010,罗尔 邓,英国,公牛,2米06,"99,8 公斤",前锋,40.5,18.8,5.0,1.4,0.8,3.4,16.6,46.3
2009-2010,保罗 皮尔斯,美国,凯尔特人,2米01,"106,6 公斤",前锋,38.7,18.8,5.9,3.4,0.5,5.1,18.2,43.8
2009-2010,布兰登 詹宁斯,美国,雄鹿,1米85,"76,7 公斤",后卫,35.6,18.7,3.0,3.6,0.5,2.3,15.0,40.8
2009-2010,德怀特 霍华德,美国,魔术,2米11,"120,2 公斤",中锋,35.5,18.1,11.1,1.4,3.5,8.4,21.9,61.4
2009-2010,斯蒂芬 杰克逊,美国,黄蜂,2米03,"97,5 公斤",后卫-前锋,39.0,18.0,5.0,3.8,0.2,3.5,12.0,35.8
2009-2010,保罗 米尔萨普,美国,爵士,2米03,"113,4 公斤",前锋-中锋,32.3,18.0,8.8,2.2,1.4,5.4,23.2,57.4
2009-2010,乔 约翰逊,美国,老鹰,2米01,"108,9 公斤",后卫,40.0,17.9,5.1,5.0,0.2,3.3,15.1,38.7
2009-2010,史蒂夫 纳什,加拿大,太阳,1米91,"80,7 公斤",后卫,33.7,17.8,3.3,10.1,0.0,2.9,21.4,51.8
2009-2010,杰拉德 华莱士,美国,黄蜂,2米01,"99,8 公斤",前锋,40.9,17.5,9.0,2.3,1.5,8.5,22.0,47.7
2009-2010,托尼 帕克,法国,马刺,1米88,"81,6 公斤",后卫,33.5,17.3,3.8,5.4,0.0,2.9,15.1,47.4
2009-2010,约翰 萨尔蒙斯,美国,雄鹿,1米98,"93,9 公斤",后卫,40.7,17.0,3.7,4.0,0.5,2.7,15.6,40.4
2009-2010,贾马尔 克劳福德,美国,老鹰,1米96,"90,7 公斤",后卫,31.9,16.3,2.7,2.7,0.0,2.6,11.1,36.4
2009-2010,雷 阿伦,美国,凯尔特人,1米96,"93,0 公斤",后卫,38.5,16.1,3.3,2.6,0.1,2.8,14.0,43.1
2009-2010,拉简 隆多,美国,凯尔特人,1米85,"77,6 公斤",后卫,40.6,15.8,5.6,9.3,0.1,4.0,20.5,46.3
2009-2010,安德鲁 米勒,美国,开拓者,1米88,"90,7 公斤",后卫,35.1,15.7,3.1,6.0,0.1,2.3,14.2,40.5
2009-2010,文斯 卡特,美国,魔术,1米98,"99,8 公斤",后卫-前锋,34.3,15.5,4.2,2.3,0.2,3.6,12.8,40.2
2009-2010,安托万 贾米森,美国,骑士,2米06,"106,6 公斤",前锋,34.1,15.3,7.4,1.3,1.0,5.9,16.3,46.7
2009-2010,凯文 加内特,美国,凯尔特人,2米11,"114,8 公斤",前锋,33.3,15.0,7.4,2.5,0.8,6.0,18.6,49.5
2009-2010,乔金 诺阿,美国,公牛,2米11,"105,2 公斤",中锋-前锋,37.6,14.8,13.0,2.6,1.4,9.0,25.4,52.8
2009-2010,艾尔 霍福德,多明尼加共和国,老鹰,2米08,"111,1 公斤",中锋,35.3,14.6,9.0,1.8,1.7,6.5,20.5,52.3
2009-2010,CJ 迈尔斯,美国,爵士,1米98,"103,0 公斤",前锋,33.7,14.4,2.5,2.8,0.6,2.0,12.7,44.3
2009-2010,莫 威廉姆斯,美国,骑士,1米85,"86,2 公斤",后卫,37.4,14.4,3.1,5.4,0.1,2.8,13.8,40.9
2009-2010,约什 史密斯,美国,老鹰,2米06,"108,9 公斤",前锋,35.6,14.1,9.0,2.6,1.7,5.6,19.6,48.1
2009-2010,杰里 贝勒斯,美国,开拓者,1米91,"90,7 公斤",后卫,27.6,13.5,2.7,3.8,0.0,2.0,12.0,43.1
2009-2010,乔治 希尔,美国,马刺,1米88,"81,6 公斤",后卫,34.4,13.4,3.1,0.7,0.2,2.6,11.4,45.1
2009-2010,韦斯利 马休斯,美国,爵士,1米96,"99,8 公斤",后卫,37.1,13.2,4.4,1.7,0.5,3.4,13.0,38.6
2009-2010,拉沙德 刘易斯,美国,魔术,2米08,"104,3 公斤",前锋,36.6,12.9,5.7,2.3,0.7,4.6,14.9,46.2
2009-2010,贾森 特里,美国,小牛,1米88,"81,6 公斤",后卫,28.9,12.7,2.5,2.0,0.1,2.2,9.2,37.7
2009-2010,柯克 辛里奇,美国,公牛,1米91,"86,2 公斤",后卫,39.3,12.4,4.4,4.0,0.0,4.2,15.0,42.3
2009-2010,雷蒙德 菲尔顿,美国,黄蜂,1米85,"89,8 公斤",后卫,32.4,11.8,2.6,5.0,0.0,1.8,11.3,40.5
2009-2010,杰夫 格林,美国,雷霆,2米06,"106,6 公斤",前锋,37.3,11.8,4.7,1.7,0.5,3.7,10.0,32.9
2010-2011,凯文 杜兰特,美国,雷霆,2米06,"104,3 公斤",前锋,42.5,28.6,8.2,2.8,1.1,7.1,26.5,44.9
2010-2011,德克 诺维茨基,德国,小牛,2米13,"111,1 公斤",前锋,39.3,27.7,8.2,2.5,0.6,7.6,26.2,48.5
2010-2011,德里克 罗斯,美国,公牛,1米91,"86,2 公斤",后卫,40.6,27.1,4.4,7.7,0.6,3.1,21.9,39.6
2010-2011,德怀特 霍华德,美国,魔术,2米11,"120,2 公斤",中锋,42.9,27.0,15.5,0.5,1.8,11.0,30.3,63.0
2010-2011,卡梅隆 安东尼,美国,尼克斯,2米03,"104,3 公斤",前锋,39.0,26.0,10.3,4.8,0.7,7.0,24.8,37.5
2010-2011,德怀恩 韦德,美国,热火,1米93,"99,8 公斤",后卫,39.4,24.5,7.1,4.4,1.3,5.1,24.9,48.5
2010-2011,拉塞尔 威斯布鲁克,美国,雷霆,1米91,"84,8 公斤",后卫,37.5,23.8,5.3,6.4,0.3,3.2,19.2,39.4
2010-2011,勒布朗 詹姆斯,美国,热火,2米03,"113,4 公斤",前锋,43.9,23.7,8.4,5.9,1.1,6.8,26.4,46.6
2010-2011,科比 布莱恩特,美国,湖人,1米98,"93,0 公斤",后卫,35.4,22.8,3.4,3.3,0.3,2.6,16.9,44.6
2010-2011,扎克 兰多夫,美国,灰熊,2米06,"117,9 公斤",前锋,39.6,22.2,10.8,2.4,0.7,7.5,24.2,44.6
2010-2011,克里斯 保罗,美国,黄蜂,1米83,"79,4 公斤",后卫,41.7,22.0,6.7,11.5,0.0,6.2,30.8,54.5
2010-2011,丹尼 格兰杰,美国,步行者,2米03,"103,4 公斤",前锋,36.7,21.6,5.6,3.2,0.2,4.4,20.6,47.8
2010-2011,拉马库斯 阿尔德里奇,美国,开拓者,2米11,"108,9 公斤",前锋,43.0,20.8,7.5,1.3,1.6,4.8,20.0,46.1
2010-2011,保罗 皮尔斯,美国,凯尔特人,2米01,"106,6 公斤",前锋,38.2,20.8,5.0,2.8,0.4,4.4,18.3,45.9
2010-2011,马努 吉诺比利,阿根廷,马刺,1米98,"93,0 公斤",后卫,34.9,20.6,4.0,4.2,0.6,3.6,19.0,44.3
2010-2011,托尼 帕克,法国,马刺,1米88,"83,9 公斤",后卫,36.8,19.7,2.7,5.2,0.3,2.5,15.8,46.2
2010-2011,雷 阿伦,美国,凯尔特人,1米96,"93,0 公斤",后卫,40.1,18.9,3.8,2.4,0.1,3.2,19.4,52.3
2010-2011,乔 约翰逊,美国,老鹰,2米01,"108,9 公斤",后卫,41.4,18.8,4.6,3.3,0.0,3.1,15.4,43.9
2010-2011,克里斯 波什,美国,热火,2米11,"106,6 公斤",前锋,39.7,18.6,8.4,1.1,0.9,6.2,19.3,47.4
2010-2011,贾森 特里,美国,小牛,1米88,"81,6 公斤",后卫,32.6,17.5,1.9,3.2,0.1,1.6,15.2,47.8
2010-2011,罗尔 邓,英国,公牛,2米06,"99,8 公斤",前锋,42.9,16.9,6.6,2.7,0.6,4.9,17.8,42.6
2010-2011,卡尔 兰德里,美国,黄蜂,2米06,"112,5 公斤",前锋,35.5,15.8,5.0,1.0,0.5,3.2,14.3,45.6
2010-2011,艾尔顿 布兰德,美国,76人,2米06,"115,2 公斤",前锋,37.0,15.6,8.4,0.6,1.2,6.0,19.2,54.8
2010-2011,泰 劳森,美国,掘金,1米80,"88,5 公斤",后卫,33.4,15.6,3.4,3.8,0.2,2.0,17.2,50.0
2010-2011,特雷沃 阿里扎,美国,黄蜂,2米03,"95,3 公斤",前锋,40.2,15.5,6.5,3.3,0.5,5.3,16.7,41.2
2010-2011,贾马尔 克劳福德,美国,老鹰,1米96,"90,7 公斤",后卫,29.8,15.4,1.4,2.5,0.3,1.3,10.4,39.4
2010-2011,迈克 康利,美国,灰熊,1米85,"83,9 公斤",后卫,39.0,15.2,3.8,6.4,0.2,3.3,15.1,38.8
2010-2011,杰拉德 华莱士,美国,开拓者,2米01,"99,8 公斤",前锋,37.7,15.2,9.2,2.8,0.5,7.7,19.7,44.8
2010-2011,约什 史密斯,美国,老鹰,2米06,"108,9 公斤",前锋,36.5,15.1,8.5,2.9,2.0,7.0,16.8,40.4
2010-2011,马克 加索尔,西班牙,灰熊,2米16,"120,2 公斤",中锋,39.9,15.0,11.3,2.2,2.1,8.1,22.7,51.1
2010-2011,凯文 加内特,美国,凯尔特人,2米11,"114,8 公斤",前锋,36.4,14.9,10.9,2.6,1.0,8.6,20.4,44.1
2010-2011,安德鲁 米勒,美国,开拓者,1米88,"90,7 公斤",后卫,32.3,14.8,3.1,5.5,0.0,2.3,15.2,49.3
2010-2011,阿马尔 斯塔德迈尔,美国,尼克斯,2米08,"108,9 公斤",前锋-中锋,33.4,14.5,7.8,1.8,0.7,5.0,11.5,38.2
2010-2011,安德鲁 拜纳姆,美国,湖人,2米13,"129,3 公斤",中锋,32.0,14.4,9.6,0.8,1.4,6.0,19.3,54.3
2010-2011,朱 霍利迪,美国,76人,1米93,"81,6 公斤",后卫,37.6,14.2,3.8,5.6,0.4,3.2,16.4,41.4
2010-2011,内内,巴西,掘金,2米11,"113,4 公斤",中锋,32.4,14.2,9.0,1.6,0.8,6.2,16.0,47.8
2010-2011,拉简 隆多,美国,凯尔特人,1米85,"77,6 公斤",后卫,38.4,14.0,5.4,9.6,0.0,4.2,18.7,47.7
2010-2011,贾米尔 尼尔森,美国,魔术,1米83,"86,2 公斤",后卫,36.1,13.2,4.2,5.0,0.0,3.0,14.0,37.8
2010-2011,保罗 加索尔,西班牙,湖人,2米13,"113,4 公斤",前锋-中锋,35.8,13.1,7.8,3.8,1.7,4.6,17.7,42.0
2010-2011,詹姆斯 哈登,美国,雷霆,1米96,"99,8 公斤",后卫,31.6,13.0,5.4,3.6,0.7,4.8,17.2,47.5
2010-2011,韦斯利 马休斯,美国,开拓者,1米96,"99,8 公斤",后卫,33.7,13.0,1.1,1.0,0.1,0.8,9.3,47.4
2010-2011,蒂姆 邓肯,美国维尔京群岛,马刺,2米11,"115,7 公斤",前锋,35.3,12.7,10.5,2.7,2.5,7.8,18.8,47.8
2010-2011,卡洛斯 布泽尔,美国,公牛,2米06,"120,7 公斤",前锋,31.7,12.6,9.7,1.8,0.4,7.2,16.3,43.3
2010-2011,拉马尔 奥多姆,美国,湖人,2米08,"104,3 公斤",前锋,28.6,12.1,6.5,2.1,0.4,5.2,13.4,45.9
2010-2011,达尼罗 加里纳利,意大利,掘金,2米08,"102,1 公斤",前锋,29.6,12.0,3.4,2.0,0.0,3.2,10.6,43.2
2010-2011,肖恩 马里昂,美国,小牛,2米01,"103,4 公斤",前锋,32.9,11.9,6.3,2.1,0.9,4.1,14.5,46.7
2010-2011,肯扬 马丁,美国,掘金,2米06,"108,9 公斤",前锋,29.6,11.8,7.8,1.6,0.4,6.6,14.0,48.0
2010-2011,杰夫 蒂格,美国,老鹰,1米88,"81,6 公斤",后卫,29.8,11.8,2.1,3.5,0.3,2.1,12.6,51.4
2010-2011,乔治 希尔,美国,马刺,1米88,"81,6 公斤",后卫,31.5,11.7,5.0,2.3,0.3,4.2,13.8,40.0
2010-2011,雷蒙德 菲尔顿,美国,掘金,1米85,"93,0 公斤",后卫,30.4,11.6,1.8,4.2,0.0,1.8,9.2,36.0
2011-2012,勒布朗 詹姆斯,美国,热火,2米03,"113,4 公斤",前锋,42.8,30.3,9.7,5.6,0.7,7.4,31.13,50.0
2011-2012,科比 布莱恩特,美国,湖人,1米98,"93,0 公斤",后卫,39.7,30.0,4.8,4.3,0.1,3.5,22.417,43.9
2011-2012,凯文 杜兰特,美国,雷霆,2米06,"106,6 公斤",前锋,41.8,28.5,7.5,3.7,1.2,6.8,28.8,51.7
2011-2012,卡梅隆 安东尼,美国,尼克斯,2米03,"104,3 公斤",前锋,40.8,27.8,8.2,2.2,0.2,5.6,20.4,41.9
2011-2012,德克 诺维茨基,德国,小牛,2米13,"111,1 公斤",前锋,38.4,26.8,6.3,1.8,0.0,5.5,21.25,44.2
2011-2012,拉塞尔 威斯布鲁克,美国,雷霆,1米91,"84,8 公斤",后卫,38.4,23.1,5.5,5.9,0.4,4.4,21.45,43.5
2011-2012,德里克 罗斯,美国,公牛,1米91,"86,2 公斤",后卫,37.2,23.0,9.0,9.0,1.0,6.0,24.0,39.1
2011-2012,德怀恩 韦德,美国,热火,1米93,"99,8 公斤",后卫,39.4,22.8,5.2,4.3,1.3,3.8,20.522,46.2
2011-2012,托尼 帕克,法国,马刺,1米88,"83,9 公斤",后卫,36.1,20.1,3.6,6.8,0.0,3.0,18.286,45.3
2011-2012,凯文 加内特,美国,凯尔特人,2米11,"114,8 公斤",中锋-前锋,36.9,19.2,10.4,1.5,1.4,8.8,22.6,49.7
2011-2012,布莱克 格里芬,美国,快船,2米08,"113,9 公斤",前锋,35.7,19.1,6.9,2.5,0.9,5.2,19.091,50.0
2011-2012,格伦  戴维斯,美国,魔术,2米06,"131,1 公斤",中锋-前锋,38.1,19.0,9.2,0.8,1.2,4.6,18.0,43.8
2011-2012,鲁迪 盖伊,美国,灰熊,2米03,"104,3 公斤",前锋,39.9,19.0,6.5,1.4,0.2,5.1,15.143,42.1
2011-2012,泰 劳森,美国,掘金,1米80,"88,5 公斤",后卫,34.6,19.0,2.6,6.0,0.1,2.0,19.0,51.4
2011-2012,保罗 皮尔斯,美国,凯尔特人,2米01,"106,6 公斤",前锋,38.9,18.9,6.1,3.1,0.9,5.4,17.4,38.6
2011-2012,艾尔 杰弗森,美国,爵士,2米08,"131,1 公斤",中锋,35.2,18.3,8.6,2.5,0.7,6.8,21.25,52.9
2011-2012,克里斯 保罗,美国,快船,1米83,"79,4 公斤",后卫,38.4,17.6,5.0,7.9,0.0,4.5,20.455,42.7
2011-2012,蒂姆 邓肯,美国维尔京群岛,马刺,2米11,"115,7 公斤",前锋,33.1,17.4,9.4,2.8,2.0,7.1,22.214,49.5
2011-2012,拉简 隆多,美国,凯尔特人,1米85,"84,4 公斤",后卫,42.7,17.3,6.7,11.9,0.1,4.9,25.368,46.8
2011-2012,乔 约翰逊,美国,老鹰,2米01,"108,9 公斤",后卫,40.5,17.2,3.5,3.5,0.1,2.5,11.333,37.3
2011-2012,丹尼 格兰杰,美国,步行者,2米03,"103,4 公斤",前锋,38.2,17.0,5.7,2.5,0.3,4.3,13.364,39.7
2011-2012,约什 史密斯,美国,老鹰,2米06,"102,1 公斤",前锋,39.1,16.8,13.6,4.8,1.0,11.6,22.0,38.6
2011-2012,安德鲁 拜纳姆,美国,湖人,2米13,"129,3 公斤",中锋,37.6,16.7,11.1,1.5,3.0,7.3,23.5,47.7
2011-2012,詹姆斯 哈登,美国,雷霆,1米96,"99,8 公斤",后卫,31.5,16.3,5.2,3.4,0.1,4.5,17.4,43.5
2011-2012,朱 霍利迪,美国,76人,1米93,"81,6 公斤",后卫,38.0,15.8,4.7,5.2,0.6,3.4,17.308,41.3
2011-2012,贾米尔 尼尔森,美国,魔术,1米83,"86,2 公斤",后卫,36.3,15.6,3.8,6.6,0.2,3.6,15.2,39.2
2011-2012,艾尔 霍福德,多明尼加共和国,老鹰,2米08,"113,4 公斤",中锋-前锋,35.9,15.3,8.4,2.7,1.3,6.7,19.667,58.8
2011-2012,阿马尔 斯塔德迈尔,美国,尼克斯,2米11,"117,9 公斤",前锋-中锋,34.8,15.3,6.5,0.8,0.2,4.5,15.25,55.6
2011-2012,大卫 韦斯特,美国,步行者,2米06,"108,9 公斤",前锋,37.8,15.3,8.5,2.0,0.5,6.6,17.364,44.6
2011-2012,马克 加索尔,西班牙,灰熊,2米16,"120,2 公斤",中锋,37.3,15.1,6.7,3.1,1.8,4.4,19.286,52.2
2011-2012,乔金 诺阿,美国,公牛,2米11,"105,2 公斤",中锋,33.0,15.0,9.3,3.0,1.3,6.3,25.333,73.1
2011-2012,马努 吉诺比利,阿根廷,马刺,1米98,"93,0 公斤",后卫,27.9,14.4,3.5,4.0,0.2,2.9,13.571,44.8
2011-2012,迈克 康利,美国,灰熊,1米85,"83,9 公斤",后卫,39.5,14.1,3.3,7.1,0.0,2.7,15.714,42.1
2011-2012,克里斯 波什,美国,热火,2米11,"106,6 公斤",前锋,31.4,14.0,7.8,0.6,1.0,5.2,16.357,49.3
2011-2012,罗尔 邓,英国,公牛,2米06,"99,8 公斤",前锋,38.0,14.0,8.3,1.5,1.5,7.0,16.833,45.6
2011-2012,杰夫 蒂格,美国,老鹰,1米88,"82,1 公斤",后卫,37.4,14.0,3.7,4.2,0.8,3.0,14.333,41.1
2011-2012,贾森 特里,美国,小牛,1米88,"81,6 公斤",后卫,34.7,13.8,2.3,3.8,0.0,2.0,11.25,45.5
2011-2012,扎克 兰多夫,美国,灰熊,2米06,"117,9 公斤",前锋,35.4,13.7,9.9,0.9,0.5,6.0,15.286,42.0
2011-2012,卡洛斯 布泽尔,美国,公牛,2米06,"120,7 公斤",前锋,33.4,13.5,9.9,3.0,0.3,8.2,14.667,42.2
2011-2012,乔治 希尔,美国,步行者,1米88,"81,6 公斤",后卫,31.5,13.5,2.3,2.9,0.2,1.5,12.182,44.8
2011-2012,达尼罗 加里纳利,意大利,掘金,2米08,"102,1 公斤",前锋,31.6,13.4,5.2,2.4,0.5,3.9,12.143,36.2
2011-2012,理查德 汉密尔顿,美国,公牛,2米01,"87,5 公斤",后卫,28.5,13.0,3.1,3.0,0.0,1.8,10.5,41.4
2011-2012,德文 哈里斯,美国,爵士,1米91,"87,1 公斤",后卫,30.0,13.0,1.5,3.8,0.5,1.5,8.25,39.6
2011-2012,安德鲁 伊格达拉,美国,76人,1米98,"93,9 公斤",前锋-后卫,38.9,12.9,5.7,3.7,0.3,4.4,13.769,38.4
2011-2012,保罗 加索尔,西班牙,湖人,2米13,"113,4 公斤",前锋-中锋,37.0,12.5,9.5,3.7,2.0,6.3,19.417,43.4
2011-2012,JR 史密斯,美国,尼克斯,1米98,"99,8 公斤",后卫,35.0,12.2,2.6,2.2,0.2,2.2,5.8,31.6
2011-2012,保罗 米尔萨普,美国,爵士,2米03,"114,8 公斤",前锋,34.7,12.0,11.1,0.5,2.5,6.8,13.5,37.0
2011-2012,德里克 费佛斯,美国,爵士,2米08,"112,5 公斤",前锋-中锋,29.1,11.8,9.5,0.5,1.5,6.0,15.0,41.7
2011-2012,肖恩 马里昂,美国,小牛,2米01,"103,4 公斤",前锋,35.0,11.8,8.1,1.0,1.2,5.8,13.75,42.5
2011-2012,罗伊 希伯特,美国,步行者,2米18,"117,9 公斤",中锋,30.9,11.7,11.2,1.1,3.0,7.1,19.636,50.0
2012-2013,凯文 杜兰特,美国,雷霆,2米06,"106,6 公斤",前锋,44.0,30.8,9.0,6.3,1.0,8.4,30.6,45.5
2012-2013,卡梅隆 安东尼,美国,尼克斯,2米03,"104,3 公斤",前锋,40.1,28.8,6.6,1.6,0.1,5.7,19.5,40.6
2012-2013,詹姆斯 哈登,美国,火箭,1米96,"99,8 公斤",后卫,40.5,26.3,6.6,4.5,1.0,5.8,22.2,39.1
2012-2013,勒布朗 詹姆斯,美国,热火,2米03,"113,4 公斤",前锋,41.8,25.9,8.4,6.6,0.7,6.8,29.2,49.1
2012-2013,拉塞尔 威斯布鲁克,美国,雷霆,1米91,"84,8 公斤",后卫,33.8,24.0,6.5,7.0,0.0,6.0,23.5,41.5
2012-2013,斯蒂芬 库里,美国,勇士,1米91,"83,9 公斤",后卫,41.4,23.4,3.8,8.1,0.1,3.4,22.5,43.4
2012-2013,克里斯 保罗,美国,快船,1米83,"79,4 公斤",后卫,37.3,22.8,4.0,6.3,0.0,3.5,25.7,53.3
2012-2013,布鲁克 洛佩兹,美国,篮网,2米13,"120,2 公斤",中锋,37.6,22.3,7.4,1.4,3.0,3.3,22.7,47.2
2012-2013,泰 劳森,美国,掘金,1米80,"88,5 公斤",后卫,39.4,21.3,3.3,8.0,0.0,2.5,21.2,44.0
2012-2013,托尼 帕克,法国,马刺,1米88,"83,9 公斤",后卫,36.4,20.6,3.3,7.0,0.1,2.6,18.9,45.8
2012-2013,德隆 威廉姆斯,美国,篮网,1米91,"94,8 公斤",后卫,41.7,20.6,3.1,8.4,0.5,3.0,20.9,42.5
2012-2013,杰夫 格林,美国,凯尔特人,2米06,"106,6 公斤",前锋,43.0,20.3,5.3,2.3,0.6,4.3,16.7,43.5
2012-2013,保罗 乔治,美国,步行者,2米03,"100,2 公斤",前锋-后卫,41.0,19.2,7.4,5.1,0.4,6.6,19.4,43.0
2012-2013,保罗 皮尔斯,美国,凯尔特人,2米01,"106,6 公斤",前锋,42.5,19.2,5.7,5.3,0.5,5.0,14.5,36.8
2012-2013,钱德勒 帕森斯,美国,火箭,2米06,"103,0 公斤",前锋,39.6,18.2,6.5,3.7,0.3,5.3,16.5,45.2
2012-2013,蒂姆 邓肯,美国维尔京群岛,马刺,2米11,"115,7 公斤",前锋,35.0,18.1,10.2,1.9,1.6,7.6,21.7,47.0
2012-2013,安德鲁 伊格达拉,美国,掘金,1米98,"93,9 公斤",后卫-前锋,40.6,18.0,8.0,5.3,0.3,6.5,23.3,50.0
2012-2013,扎克 兰多夫,美国,灰熊,2米06,"117,9 公斤",前锋,37.0,17.4,10.0,1.6,0.4,6.1,18.3,46.0
2012-2013,马克 加索尔,西班牙,灰熊,2米16,"120,2 公斤",中锋,40.6,17.2,8.5,3.2,2.2,6.8,22.1,45.4
2012-2013,贾瑞特 杰克,美国,勇士,1米91,"89,4 公斤",后卫,35.5,17.2,4.4,4.7,0.3,3.8,17.6,50.6
2012-2013,迈克 康利,美国,灰熊,1米85,"83,9 公斤",后卫,38.3,17.0,4.7,7.1,0.3,3.9,18.3,38.4
2012-2013,罗伊 希伯特,美国,步行者,2米18,"127,0 公斤",中锋,36.5,17.0,9.9,1.4,1.9,5.2,21.0,51.1
2012-2013,德怀特 霍华德,美国,湖人,2米11,"120,2 公斤",中锋,31.6,17.0,10.8,1.0,2.0,8.3,18.3,61.9
2012-2013,约什 史密斯,美国,老鹰,2米06,"102,1 公斤",前锋,33.2,17.0,7.5,3.5,0.5,5.8,16.3,43.3
2012-2013,艾尔 霍福德,多明尼加共和国,老鹰,2米08,"113,4 公斤",中锋-前锋,36.3,16.7,8.8,3.0,0.8,6.8,20.3,49.4
2012-2013,卡洛斯 布泽尔,美国,公牛,2米06,"120,7 公斤",前锋,35.9,16.4,9.6,1.5,0.0,6.7,17.8,49.4
2012-2013,内特 罗宾逊,美国,公牛,1米75,"81,6 公斤",后卫,33.7,16.3,2.7,4.4,0.1,2.2,13.3,43.6
2012-2013,哈里森 巴恩斯,美国,勇士,2米03,"95,3 公斤",前锋,38.4,16.1,6.4,1.3,0.4,4.9,15.5,44.4
2012-2013,德怀恩 韦德,美国,热火,1米93,"99,8 公斤",后卫,35.6,15.9,4.6,4.8,1.0,2.9,16.7,45.7
2012-2013,大卫 韦斯特,美国,步行者,2米06,"113,4 公斤",前锋,36.2,15.9,7.6,2.1,0.7,5.4,16.4,46.2
2012-2013,克莱 汤普森,美国,勇士,2米01,"93,0 公斤",后卫,41.3,15.2,4.6,1.8,0.5,3.8,12.9,43.7
2012-2013,乔 约翰逊,美国,篮网,2米01,"108,9 公斤",后卫,38.8,14.9,3.2,2.7,0.0,2.6,11.4,41.7
2012-2013,乔治 希尔,美国,步行者,1米88,"86,2 公斤",后卫,38.1,14.6,3.7,4.3,0.2,3.4,14.2,40.1
2012-2013,蒙塔 艾利斯,美国,雄鹿,1米91,"83,9 公斤",后卫,37.9,14.3,3.3,5.5,0.2,2.8,12.0,43.6
2012-2013,JR 史密斯,美国,尼克斯,1米98,"99,8 公斤",后卫,31.9,14.3,4.7,1.4,0.4,4.2,9.0,33.1
2012-2013,雷蒙德 菲尔顿,美国,尼克斯,1米85,"93,0 公斤",后卫,37.8,14.1,3.4,4.7,0.4,2.0,14.4,44.4
2012-2013,史蒂夫 布莱克,美国,湖人,1米91,"78,0 公斤",后卫,37.5,14.0,4.0,2.5,1.5,4.0,13.5,39.3
2012-2013,保罗 加索尔,西班牙,湖人,2米13,"113,4 公斤",前锋-中锋,36.4,14.0,11.6,6.5,0.7,9.8,22.0,48.1
2012-2013,凯文 马丁,美国,雷霆,2米01,"83,9 公斤",后卫,29.4,14.0,3.1,1.3,0.2,2.9,10.6,38.0
2012-2013,安德鲁 米勒,美国,掘金,1米88,"90,7 公斤",后卫,25.7,14.0,3.3,3.8,0.0,1.5,11.2,42.0
2012-2013,雷吉 杰克逊,美国,雷霆,1米91,"94,3 公斤",后卫,33.4,13.9,4.9,3.6,0.5,4.5,15.6,47.9
2012-2013,罗尔 邓,英国,公牛,2米06,"99,8 公斤",前锋,44.8,13.8,7.6,3.8,0.6,6.6,12.8,38.1
2012-2013,科怀 伦纳德,美国,马刺,2米01,"102,1 公斤",前锋-后卫,36.9,13.5,9.1,1.0,0.5,6.7,19.4,54.5
2012-2013,吉米 巴特勒,美国,公牛,2米01,"99,8 公斤",后卫-前锋,40.8,13.3,5.2,2.7,0.5,4.4,15.3,43.5
2012-2013,布兰登 詹宁斯,美国,雄鹿,1米85,"76,7 公斤",后卫,33.3,13.3,2.3,4.0,0.2,2.0,8.0,29.8
2012-2013,杰夫 蒂格,美国,老鹰,1米88,"82,1 公斤",后卫,35.5,13.3,2.8,5.0,0.3,2.3,10.8,33.3
2012-2013,布莱克 格里芬,美国,快船,2米08,"113,9 公斤",前锋,26.3,13.2,5.5,2.5,0.8,4.2,13.2,45.3
2012-2013,赛尔吉 伊巴卡,刚果,雷霆,2米08,"106,6 公斤",前锋-中锋,33.3,12.8,8.3,0.7,3.0,4.8,16.9,43.7
2012-2013,凯文 加内特,美国,凯尔特人,2米11,"114,8 公斤",中锋-前锋,35.3,12.7,13.7,3.5,1.0,12.2,23.3,50.0
2012-2013,史蒂夫 纳什,加拿大,湖人,1米91,"80,7 公斤",后卫,30.4,12.5,2.5,4.5,0.0,1.5,11.5,43.5
2013-2014,凯文 杜兰特,美国,雷霆,2米06,"108,9 公斤",前锋,42.9,29.6,8.9,3.9,1.3,7.6,27.4,46.0
2013-2014,勒布朗 詹姆斯,美国,热火,2米03,"113,4 公斤",前锋,38.2,27.4,7.1,4.8,0.5,6.4,29.6,56.5
2013-2014,詹姆斯 哈登,美国,火箭,1米96,"99,8 公斤",后卫,43.9,26.8,4.6,5.8,0.1,3.8,21.3,37.6
2013-2014,拉塞尔 威斯布鲁克,美国,雷霆,1米91,"90,7 公斤",后卫,38.7,26.7,7.3,8.1,0.3,4.9,26.9,42.0
2013-2014,拉马库斯 阿尔德里奇,美国,开拓者,2米11,"108,9 公斤",前锋,40.1,26.2,10.6,1.5,1.6,7.9,25.0,45.2
2013-2014,德怀特 霍华德,美国,火箭,2米11,"120,2 公斤",中锋-前锋,38.6,26.0,13.7,1.8,2.8,9.2,29.8,54.7
2013-2014,德玛尔 德罗赞,美国,猛龙,2米01,"98,0 公斤",后卫,40.3,23.9,4.1,3.6,0.2,3.7,19.0,38.5
2013-2014,布莱克 格里芬,美国,快船,2米08,"113,9 公斤",前锋,36.8,23.5,7.4,3.8,1.0,4.7,23.8,50.0
2013-2014,斯蒂芬 库里,美国,勇士,1米91,"83,9 公斤",后卫,42.4,23.0,3.6,8.4,0.1,3.0,23.1,44.0
2013-2014,达米安 利拉德,美国,开拓者,1米91,"88,5 公斤",后卫,42.3,22.9,5.1,6.5,0.0,4.0,22.6,43.9
2013-2014,保罗 乔治,美国,步行者,2米06,"99,8 公斤",前锋-后卫,41.1,22.6,7.6,3.8,0.3,6.9,23.3,43.8
2013-2014,乔 约翰逊,美国,篮网,2米01,"108,9 公斤",后卫,39.1,21.2,3.9,2.9,0.2,3.1,19.3,53.3
2013-2014,凯尔 洛瑞,美国,猛龙,1米83,"93,0 公斤",后卫,38.8,21.1,4.7,4.7,0.0,3.4,18.4,40.4
2013-2014,蒙塔 艾利斯,美国,小牛,1米91,"83,9 公斤",后卫,35.6,20.4,2.5,2.9,0.1,1.6,13.7,40.9
2013-2014,克里斯 保罗,美国,快船,1米83,"79,4 公斤",后卫,36.3,19.8,4.2,10.3,0.0,3.3,25.2,46.7
2013-2014,肯巴 沃克,美国,黄蜂,1米85,"83,5 公斤",后卫,38.2,19.5,3.8,6.0,0.7,3.5,20.0,47.3
2013-2014,保罗 米尔萨普,美国,老鹰,2米03,"114,8 公斤",前锋,38.2,19.4,10.9,2.9,1.8,7.9,23.1,39.8
2013-2014,钱德勒 帕森斯,美国,火箭,2米06,"103,0 公斤",前锋,41.7,19.3,6.8,2.3,0.3,5.8,18.2,43.8
2013-2014,杰夫 蒂格,美国,老鹰,1米88,"82,1 公斤",后卫,34.6,19.3,3.7,5.0,0.5,3.0,16.6,39.3
2013-2014,布拉德利  比尔,美国,奇才,1米96,"93,9 公斤",后卫,41.6,19.2,5.0,4.5,0.6,3.6,18.7,42.4
2013-2014,德克 诺维茨基,德国,小牛,2米13,"111,1 公斤",前锋,37.5,19.1,8.0,1.6,0.8,7.3,17.1,42.9
2013-2014,艾尔 杰弗森,美国,黄蜂,2米08,"131,1 公斤",中锋,35.3,18.7,9.3,0.7,1.6,7.3,21.0,49.1
2013-2014,泰 吉布森,美国,公牛,2米06,"102,1 公斤",前锋-中锋,30.7,18.2,6.2,0.4,2.4,2.0,19.2,56.1
2013-2014,扎克 兰多夫,美国,灰熊,2米06,"117,9 公斤",前锋,39.1,18.2,8.6,2.3,0.1,5.8,15.5,40.4
2013-2014,德怀恩 韦德,美国,热火,1米93,"99,8 公斤",后卫,34.6,17.8,3.9,3.9,0.2,3.1,16.6,50.0
2013-2014,托尼 帕克,法国,马刺,1米88,"83,9 公斤",后卫,31.3,17.4,1.9,4.8,0.0,1.7,13.7,48.6
2013-2014,马克 加索尔,西班牙,灰熊,2米16,"120,2 公斤",中锋,42.8,17.3,7.8,4.4,0.8,5.9,19.4,40.5
2013-2014,克莱 汤普森,美国,勇士,2米01,"93,0 公斤",后卫,36.7,16.4,3.5,3.6,0.7,2.9,14.0,40.8
2013-2014,蒂姆 邓肯,美国维尔京群岛,马刺,2米11,"113,4 公斤",前锋,32.7,16.3,9.1,2.0,1.2,6.3,20.9,52.3
2013-2014,约翰 沃尔,美国,奇才,1米93,"88,5 公斤",后卫,38.1,16.3,4.0,7.1,0.7,3.5,15.5,36.6
2013-2014,迈克 康利,美国,灰熊,1米85,"83,9 公斤",后卫,38.1,15.9,4.6,7.9,0.1,3.9,19.1,43.1
2013-2014,贾马尔 克劳福德,美国,快船,1米96,"90,7 公斤",后卫,24.0,15.5,1.5,2.0,0.1,1.1,10.6,39.8
2013-2014,尼古拉斯 巴图姆,法国,开拓者,2米03,"90,7 公斤",前锋,41.7,15.2,7.6,4.8,0.4,6.7,19.8,47.2
2013-2014,大卫 韦斯特,美国,步行者,2米06,"113,4 公斤",前锋,36.2,15.1,6.8,3.9,0.7,5.5,17.6,49.4
2013-2014,克里斯 波什,美国,热火,2米11,"106,6 公斤",中锋-前锋,34.3,14.9,5.6,1.1,1.0,4.4,16.5,50.7
2013-2014,韦斯利 马休斯,美国,开拓者,1米96,"99,8 公斤",后卫,38.7,14.5,3.9,1.3,0.4,3.3,11.6,41.2
2013-2014,德隆 威廉姆斯,美国,篮网,1米91,"94,8 公斤",后卫,35.7,14.5,3.2,5.8,0.1,2.6,14.1,39.5
2013-2014,马努 吉诺比利,阿根廷,马刺,1米98,"93,0 公斤",后卫,25.5,14.3,3.3,4.1,0.0,2.9,14.8,43.9
2013-2014,科怀 伦纳德,美国,马刺,2米01,"104,3 公斤",前锋-后卫,32.0,14.3,6.7,1.7,0.6,5.4,17.8,51.0
2013-2014,大卫 李,美国,勇士,2米06,"108,9 公斤",前锋,31.1,13.9,9.1,2.6,0.0,5.7,18.0,53.2
2013-2014,内内,巴西,奇才,2米11,"113,4 公斤",前锋-中锋,32.5,13.7,5.3,2.6,1.1,4.5,12.8,46.4
2013-2014,保罗 皮尔斯,美国,篮网,2米01,"106,6 公斤",前锋,30.7,13.7,4.5,2.0,0.3,4.2,13.7,46.5
2013-2014,特雷沃 阿里扎,美国,奇才,2米03,"99,8 公斤",前锋,37.0,13.6,8.9,1.7,0.3,7.0,19.3,48.1
2013-2014,吉米 巴特勒,美国,公牛,2米01,"99,8 公斤",后卫-前锋,43.5,13.6,5.2,2.2,0.0,4.0,13.6,38.6
2013-2014,兰斯 史蒂文森,美国,步行者,1米96,"104,3 公斤",后卫,37.1,13.6,6.9,4.2,0.2,5.6,16.3,45.5
2013-2014,凯尔 科沃尔,美国,老鹰,2米01,"96,2 公斤",后卫-前锋,35.7,13.4,5.3,0.7,0.2,5.0,13.4,45.5
2013-2014,JJ 雷迪克,美国,快船,1米93,"86,2 公斤",后卫,27.0,13.3,1.7,1.5,0.0,1.4,10.7,45.9
2013-2014,D.J. 奥古斯汀,美国,公牛,1米83,"83,0 公斤",后卫,28.2,13.2,1.6,4.8,0.0,0.8,7.8,29.2
2013-2014,迈克 邓利维,美国,公牛,2米06,"104,3 公斤",前锋,32.6,13.2,3.6,2.4,0.2,2.6,13.0,47.2
2013-2014,安德鲁 伊格达拉,美国,勇士,1米98,"93,9 公斤",前锋-后卫,35.5,13.1,4.7,4.4,0.2,4.0,14.7,51.6
2014-2015,安东尼 戴维斯,美国,鹈鹕,2.08,99.8 公斤,前锋-中锋,43.0,31.5,11.0,2.0,3.0,8.8,34.5,54.0
2014-2015,勒布朗 詹姆斯,美国,骑士,2.03,113.4 公斤,前锋,42.2,30.1,11.3,8.5,1.1,9.5,30.3,41.7
2014-2015,斯蒂芬 库里,美国,勇士,1.90,86.2 公斤,后卫,39.3,28.3,5.0,6.4,0.1,4.0,25.5,45.6
2014-2015,詹姆斯 哈登,美国,火箭,1.96,102.1 公斤,后卫,37.4,27.2,5.7,7.5,0.4,5.0,27.4,43.9
2014-2015,蒙塔 艾利斯,美国,小牛,1.90,83.9 公斤,后卫,39.4,26.0,3.2,5.2,0.6,2.4,21.0,46.8
2014-2015,布莱克 格里芬,美国,快船,2.08,113.9 公斤,前锋,39.8,25.5,12.7,6.1,1.0,10.0,31.4,51.1
2014-2015,布拉德利  比尔,美国,奇才,1.96,93.9 公斤,后卫,41.8,23.4,5.5,4.6,0.7,4.1,20.3,40.5
2014-2015,吉米 Butler III,美国,公牛,2.01,99.8 公斤,后卫-前锋,42.2,22.9,5.6,3.2,0.8,4.1,22.1,44.1
2014-2015,克里斯 保罗,美国,快船,1.83,79.4 公斤,后卫,37.1,22.1,4.4,8.8,0.3,3.8,27.1,50.3
2014-2015,拉马库斯 阿尔德里奇,美国,开拓者,2.11,108.9 公斤,前锋,41.6,21.8,11.2,1.8,2.4,7.0,20.2,33.0
2014-2015,达米安 利拉德,美国,开拓者,1.90,88.5 公斤,后卫,40.2,21.6,4.0,4.6,0.6,3.6,16.0,40.6
2014-2015,德克 诺维茨基,德国,小牛,2.13,111.1 公斤,前锋,36.2,21.2,10.4,2.4,0.4,9.6,23.2,45.2
2014-2015,德玛尔 德罗赞,美国,猛龙,2.01,99.8 公斤,后卫,39.8,20.3,6.3,5.8,0.0,5.0,18.5,40.0
2014-2015,科怀 伦纳德,美国,马刺,2.01,104.3 公斤,前锋,35.7,20.3,7.4,2.6,0.6,5.6,20.6,47.7
2014-2015,德里克 罗斯,美国,公牛,1.90,86.2 公斤,后卫,37.8,20.3,4.8,6.5,0.5,3.8,18.0,39.6
2014-2015,布鲁克 洛佩兹,美国,篮网,2.13,124.7 公斤,中锋,39.0,19.8,9.0,0.8,2.2,5.7,23.0,49.4
2014-2015,马克 加索尔,西班牙,灰熊,2.16,120.2 公斤,中锋,37.8,19.7,10.3,4.5,1.7,8.5,24.5,39.4
2014-2015,凯尔 欧文,澳洲,骑士,1.90,87.5 公斤,后卫,35.7,19.0,3.6,3.8,0.8,2.8,18.2,43.8
2014-2015,克莱 汤普森,美国,勇士,2.01,97.5 公斤,后卫,36.2,18.6,3.9,2.6,0.9,3.4,15.5,44.6
2014-2015,埃里克 戈登,美国,鹈鹕,1.93,97.5 公斤,后卫,35.8,18.5,2.3,3.8,0.5,1.8,14.0,44.4
2014-2015,蒂姆 邓肯,美国维尔京群岛,马刺,2.11,113.4 公斤,前锋,35.7,17.9,11.1,3.3,1.4,8.4,26.6,58.9
2014-2015,以赛亚 托马斯,美国,凯尔特人,1.75,83.9 公斤,后卫,29.8,17.5,3.0,7.0,0.0,2.8,15.5,33.3
2014-2015,约翰 沃尔,美国,奇才,1.93,88.5 公斤,后卫,39.0,17.4,4.7,11.9,1.4,4.0,22.6,39.1
2014-2015,CJ 迈克勒姆,美国,开拓者,1.93,90.7 公斤,后卫,33.2,17.0,4.0,0.4,0.2,3.8,14.0,47.8
2014-2015,杰夫 蒂格,美国,老鹰,1.88,82.1 公斤,后卫,33.1,16.8,3.2,6.7,0.4,2.6,16.6,41.0
2014-2015,乔 约翰逊,美国,篮网,2.01,108.9 公斤,前锋-后卫,41.5,16.5,7.7,4.8,0.0,6.8,18.5,36.2
2014-2015,德怀特 霍华德,美国,火箭,2.11,124.7 公斤,中锋,33.8,16.4,14.0,1.2,2.3,10.4,22.8,57.7
2014-2015,克里斯 米德尔顿,美国,雄鹿,2.01,102.1 公斤,后卫-前锋,38.7,15.8,3.7,2.0,0.5,2.5,13.0,38.0
2014-2015,扎克 兰多夫,美国,灰熊,2.06,117.9 公斤,前锋,34.7,15.6,8.5,2.1,0.0,5.5,15.5,42.3
2014-2015,保罗 米尔萨普,美国,老鹰,2.03,114.8 公斤,前锋,35.4,15.2,8.7,3.4,0.9,6.4,18.6,40.7
2014-2015,JJ 雷迪克,美国,快船,1.93,86.2 公斤,后卫,38.6,14.9,2.1,1.7,0.4,2.1,11.3,43.5
2014-2015,德马尔 卡罗尔,美国,老鹰,2.03,96.2 公斤,前锋,34.9,14.6,6.1,2.0,0.3,4.4,16.9,48.6
2014-2015,保罗 皮尔斯,美国,奇才,2.01,106.6 公斤,前锋,29.8,14.6,4.2,0.9,0.7,4.2,14.6,48.5
2014-2015,迈克 康利,美国,灰熊,1.85,79.4 公斤,后卫,30.4,14.4,1.1,5.0,0.0,1.1,12.9,42.7
2014-2015,保罗 加索尔,西班牙,公牛,2.13,113.4 公斤,前锋-中锋,31.7,14.4,9.4,3.1,2.1,7.7,20.5,48.7
2014-2015,艾尔 霍福德,多明尼加共和国,老鹰,2.08,113.4 公斤,中锋-前锋,32.6,14.4,8.6,3.7,1.4,6.1,20.6,50.7
2014-2015,凯文 乐福,美国,骑士,2.08,110.2 公斤,前锋,26.8,14.3,7.0,2.5,0.5,5.5,15.8,41.5
2014-2015,尼古拉斯 巴图姆,法国,开拓者,2.03,90.7 公斤,前锋,41.8,14.2,8.6,5.2,0.2,7.4,16.2,34.3
2014-2015,德雷蒙德 格林,美国,勇士,2.01,104.3 公斤,前锋,37.3,13.7,10.1,5.2,1.2,7.9,21.5,41.7
2014-2015,约什 史密斯,美国,火箭,2.06,102.1 公斤,前锋,23.3,13.5,5.6,2.7,1.0,4.1,12.2,43.8
2014-2015,康特尼 李,美国,灰熊,1.96,90.7 公斤,后卫,33.4,13.3,2.5,2.2,0.0,2.3,13.7,55.0
2014-2015,特雷沃 阿里扎,美国,火箭,2.03,97.5 公斤,前锋,38.5,13.2,6.4,2.6,0.1,5.4,16.5,42.6
2014-2015,德安德烈 乔丹,美国,快船,2.11,120.2 公斤,中锋,34.4,13.1,13.4,1.1,2.4,9.9,21.8,71.6
2014-2015,JR 史密斯,美国,骑士,1.98,102.1 公斤,后卫-前锋,31.1,12.8,4.7,1.2,0.6,4.2,12.3,40.3
2014-2015,路 威廉姆斯,美国,猛龙,1.85,79.4 公斤,后卫,25.5,12.8,1.8,1.3,0.0,1.3,7.0,31.4
2014-2015,贾马尔 克劳福德,美国,快船,1.96,90.7 公斤,后卫,27.1,12.7,2.1,1.9,0.2,1.7,7.9,36.0
2014-2015,马辛 戈塔特,波兰,奇才,2.11,108.9 公斤,中锋,30.7,12.4,8.8,2.2,1.1,6.1,19.5,62.8
2014-2015,埃弗里 布拉德利,美国,凯尔特人,1.88,81.6 公斤,后卫,33.3,12.3,3.8,0.8,0.0,3.0,8.8,38.0
2014-2015,贾瑞特 杰克,美国,篮网,1.90,90.7 公斤,后卫,25.5,12.3,4.2,4.5,0.2,3.8,14.7,51.9
2014-2015,凯尔 洛瑞,美国,猛龙,1.83,93.0 公斤,后卫,32.8,12.3,5.5,4.8,0.0,3.8,10.3,31.6
2015-2016,凯文 杜兰特,美国,雷霆,2.06,108.9 公斤,前锋,40.3,28.4,7.1,3.3,1.0,6.4,23.4,43.0
2015-2016,保罗 乔治,美国,步行者,2.06,99.8 公斤,前锋,39.3,27.3,7.6,4.3,0.7,6.3,28.6,45.5
2015-2016,詹姆斯 哈登,美国,火箭,1.96,99.8 公斤,后卫,38.6,26.6,5.2,7.6,0.2,3.8,23.6,41.0
2015-2016,达米安 利拉德,美国,开拓者,1.90,88.5 公斤,后卫,39.7,26.5,4.3,6.3,0.3,3.2,21.0,36.8
2015-2016,勒布朗 詹姆斯,美国,骑士,2.03,113.4 公斤,前锋,39.1,26.3,9.5,7.6,1.3,7.5,32.0,52.5
2015-2016,拉塞尔 威斯布鲁克,美国,雷霆,1.90,90.7 公斤,后卫,37.4,26.0,6.9,11.0,0.1,4.6,27.9,40.5
2015-2016,凯尔 欧文,澳洲,骑士,1.90,87.5 公斤,后卫,36.9,25.2,3.0,4.7,0.6,2.2,21.8,47.5
2015-2016,斯蒂芬 库里,美国,勇士,1.90,86.2 公斤,后卫,34.1,25.1,5.5,5.2,0.3,4.7,22.4,43.8
2015-2016,克莱 汤普森,美国,勇士,2.01,97.5 公斤,后卫,35.4,24.3,3.7,2.3,0.4,3.0,18.6,44.4
2015-2016,以赛亚 托马斯,美国,凯尔特人,1.75,83.9 公斤,后卫,36.7,24.2,3.0,5.0,0.8,2.7,17.8,39.5
2015-2016,克里斯 保罗,美国,快船,1.83,79.4 公斤,后卫,31.3,23.8,4.0,7.3,0.0,3.0,26.5,48.7
2015-2016,肯巴 沃克,美国,黄蜂,1.85,83.5 公斤,后卫,37.1,22.7,3.0,4.0,0.6,2.6,15.7,36.6
2015-2016,科怀 伦纳德,美国,马刺,2.01,104.3 公斤,前锋,33.9,22.5,6.3,2.8,1.4,4.9,24.8,50.0
2015-2016,拉马库斯 阿尔德里奇,美国,马刺,2.11,108.9 公斤,前锋,33.7,21.9,8.3,1.0,1.4,6.1,23.3,52.1
2015-2016,德怀恩 韦德,美国,热火,1.93,99.8 公斤,后卫,33.8,21.4,5.6,4.3,0.9,4.8,19.7,46.9
2015-2016,德玛尔 德罗赞,美国,猛龙,2.01,99.8 公斤,后卫,37.3,20.9,4.2,2.7,0.2,3.5,13.6,39.4
2015-2016,CJ 迈克勒姆,美国,开拓者,1.93,90.7 公斤,后卫,40.2,20.5,3.6,3.3,0.5,3.0,15.8,42.6
2015-2016,德克 诺维茨基,德国,小牛,2.13,111.1 公斤,前锋,34.0,20.4,4.8,1.6,0.6,4.2,17.8,49.4
2015-2016,凯尔 洛瑞,美国,猛龙,1.83,93.0 公斤,后卫,38.3,19.1,4.7,6.0,0.2,3.8,17.1,39.7
2015-2016,埃弗里 布拉德利,美国,凯尔特人,1.88,81.6 公斤,后卫,33.0,18.0,3.0,1.0,1.0,1.0,14.0,43.8
2015-2016,马库斯 莫里斯,美国,活塞,2.06,106.6 公斤,前锋,36.0,17.8,3.3,2.5,0.0,2.8,15.8,46.8
2015-2016,贾马尔 克劳福德,美国,快船,1.96,88.5 公斤,后卫,33.2,17.3,2.2,2.2,0.0,1.8,10.7,37.9
2015-2016,安德鲁 德拉蒙德,美国,活塞,2.11,126.6 公斤,中锋,32.8,16.8,9.0,0.0,1.5,6.0,14.3,51.9
2015-2016,保罗 米尔萨普,美国,老鹰,2.03,111.6 公斤,前锋,36.5,16.7,9.4,2.7,2.3,6.6,20.6,43.1
2015-2016,戈兰 德拉季奇,斯洛文尼亚,热火,1.90,86.2 公斤,后卫,33.7,16.5,4.9,3.9,0.2,4.1,14.8,44.2
2015-2016,德雷蒙德 格林,美国,勇士,2.01,104.3 公斤,前锋,38.2,15.4,9.9,6.0,1.8,8.3,24.3,43.1
2015-2016,肯塔维奥斯 考德威尔-波普,美国,活塞,1.96,93.0 公斤,后卫,40.3,15.3,4.3,2.8,0.3,3.8,16.3,44.0
2015-2016,雷蒙德 菲尔顿,美国,小牛,1.85,93.0 公斤,后卫,34.4,15.0,4.6,4.6,0.0,4.2,14.8,46.4
2015-2016,布莱克 格里芬,美国,快船,2.08,113.9 公斤,前锋,31.8,15.0,8.8,4.0,0.5,7.0,17.0,37.7
2015-2016,凯文 乐福,美国,骑士,2.08,113.9 公斤,前锋,30.7,14.7,8.8,2.1,0.4,7.1,17.1,38.5
2015-2016,艾尔-法鲁克 阿米奴,美国,开拓者,2.06,97.5 公斤,前锋,33.8,14.6,8.6,1.8,0.9,6.5,17.5,43.8
2015-2016,托拜厄斯 哈里斯,美国,活塞,2.06,106.6 公斤,前锋,39.0,14.5,9.5,3.0,0.8,8.0,20.5,45.7
2015-2016,杰夫 蒂格,美国,老鹰,1.88,84.4 公斤,后卫,27.9,14.5,1.9,6.1,0.2,1.6,12.5,38.0
2015-2016,雷吉 杰克逊,美国,活塞,1.90,94.3 公斤,后卫,36.8,14.3,3.3,9.3,0.5,2.8,18.8,45.5
2015-2016,乔纳斯 瓦兰西尤纳斯,立陶宛,猛龙,2.13,115.7 公斤,中锋,26.8,13.8,10.8,0.9,1.2,6.8,20.8,56.7
2015-2016,乔治 希尔,美国,步行者,1.90,85.3 公斤,后卫,33.6,13.6,2.7,2.1,0.1,1.9,14.1,56.1
2015-2016,JJ 雷迪克,美国,快船,1.93,86.2 公斤,后卫,27.7,13.5,2.0,0.8,0.2,1.8,8.2,43.0
2015-2016,艾尔 霍福德,多明尼加共和国,老鹰,2.08,111.1 公斤,中锋-前锋,32.7,13.4,6.5,3.1,2.4,5.2,18.6,46.6
2015-2016,罗尔 邓,英国,热火,2.06,99.8 公斤,前锋,35.4,13.3,5.9,1.6,0.6,4.6,15.1,47.1
2015-2016,艾尔 杰弗森,美国,黄蜂,2.08,131.1 公斤,中锋,24.0,13.3,6.1,1.1,0.4,4.1,14.3,50.6
2015-2016,德怀特 霍华德,美国,火箭,2.11,120.2 公斤,中锋,36.0,13.2,14.0,1.6,1.4,8.8,19.4,54.2
2015-2016,埃文 特纳,美国,凯尔特人,2.01,99.8 公斤,后卫-前锋,35.7,13.2,5.7,4.5,1.0,4.3,13.2,36.5
2015-2016,韦斯利 马休斯,美国,小牛,1.96,99.8 公斤,后卫-前锋,34.6,13.0,3.6,1.2,0.0,2.8,9.4,33.3
2015-2016,扎克 兰多夫,美国,灰熊,2.06,117.9 公斤,前锋,30.0,13.0,8.8,1.8,0.0,5.0,12.0,37.1
2015-2016,兰斯 史蒂文森,美国,灰熊,1.96,104.3 公斤,前锋-后卫,23.8,13.0,1.5,1.8,0.0,1.3,10.3,52.3
2015-2016,林书豪,美国,黄蜂,1.90,90.7 公斤,后卫,27.0,12.4,2.3,2.6,0.0,1.9,10.1,41.3
2015-2016,乔 约翰逊,美国,热火,2.01,108.9 公斤,前锋-后卫,35.1,12.1,4.7,2.5,0.2,4.2,12.2,43.0
2015-2016,赛尔吉 伊巴卡,刚果,雷霆,2.08,111.1 公斤,前锋,33.4,12.0,6.3,0.6,1.3,5.0,15.8,52.1
2015-2016,马库斯 斯玛特,美国,凯尔特人,1.93,99.8 公斤,后卫,32.2,12.0,4.5,3.0,0.8,3.2,12.5,36.7
2015-2016,哈桑 怀特塞德,美国,热火,2.13,120.2 公斤,中锋,29.1,12.0,10.9,0.3,2.8,8.3,21.5,68.1
2016-2017,拉塞尔 威斯布鲁克,美国,雷霆,1米91,"90,7 公斤",后卫,38.8,37.4,11.6,10.8,0.4,9.8,35.2,38.8
2016-2017,勒布朗 詹姆斯,美国,骑士,2米03,"113,4 公斤",前锋,41.3,32.8,9.1,7.8,1.3,8.1,37.0,56.5
2016-2017,凯文 杜兰特,美国,勇士,2米06,"108,9 公斤",前锋,35.5,28.5,7.9,4.3,1.3,6.9,31.7,55.6
2016-2017,詹姆斯 哈登,美国,火箭,1米96,"99,8 公斤",后卫,37.0,28.5,5.5,8.5,0.5,4.8,26.5,41.3
2016-2017,斯蒂芬 库里,美国,勇士,1米91,"86,2 公斤",后卫,35.4,28.1,6.2,6.7,0.2,4.9,29.7,48.4
2016-2017,保罗 乔治,美国,步行者,2米06,"99,8 公斤",前锋,43.0,28.0,8.8,7.3,0.5,7.5,28.5,38.6
2016-2017,达米安 利拉德,美国,开拓者,1米91,"88,5 公斤",后卫,37.8,27.8,4.5,3.3,0.5,3.5,21.0,43.3
2016-2017,科怀 伦纳德,美国,马刺,2米01,"104,3 公斤",前锋,35.8,27.7,7.8,4.6,0.5,6.2,31.4,52.5
2016-2017,约翰 沃尔,美国,奇才,1米93,"95,3 公斤",后卫,39.0,27.2,3.7,10.3,1.2,3.2,26.8,45.2
2016-2017,凯里 欧文,澳洲,骑士,1米91,"87,5 公斤",后卫,36.3,25.9,2.8,5.3,0.4,2.1,21.7,46.8
2016-2017,克里斯 保罗,美国,快船,1米83,"79,4 公斤",后卫,37.1,25.3,5.0,9.9,0.1,4.4,29.0,49.6
2016-2017,扬尼斯 安特托昆博,希腊,雄鹿,2米11,"100,7 公斤",前锋-后卫,40.5,24.8,9.5,4.0,1.7,7.8,26.7,53.6
2016-2017,布拉德利  比尔,美国,奇才,1米96,"93,9 公斤",后卫,38.8,24.8,3.4,2.7,0.6,2.2,19.7,47.1
2016-2017,迈克 康利,美国,灰熊,1米85,"79,4 公斤",后卫,37.3,24.7,3.3,7.0,0.5,3.2,25.3,48.5
2016-2017,丹尼 施罗德,德国,老鹰,1米85,"78,0 公斤",后卫,35.2,24.7,2.3,7.7,0.0,1.7,23.0,45.5
2016-2017,保罗 米尔萨普,美国,老鹰,2米03,"111,6 公斤",前锋,36.5,24.3,9.3,4.3,0.7,7.8,26.7,50.5
2016-2017,戈登 海沃德,美国,爵士,2米03,"102,5 公斤",前锋,37.4,24.1,6.1,3.4,0.3,5.5,22.5,44.1
2016-2017,以赛亚 托马斯,美国,凯尔特人,1米75,"83,9 公斤",后卫,34.7,23.3,3.1,6.7,0.1,2.8,19.4,42.5
2016-2017,吉米 巴特勒,美国,公牛,2米01,"104,8 公斤",前锋,39.8,22.7,7.3,4.3,0.8,5.8,22.5,42.6
2016-2017,CJ 迈克勒姆,美国,开拓者,1米91,"86,2 公斤",后卫,35.0,22.5,6.0,1.0,0.5,4.0,15.0,40.0
2016-2017,德玛尔 德罗赞,美国,猛龙,2米01,"99,8 公斤",后卫,37.3,22.4,4.9,3.4,0.0,4.5,18.8,43.4
2016-2017,布雷克 格里芬,美国,快船,2米08,"113,9 公斤",前锋,33.0,20.3,6.0,2.3,0.3,5.0,19.0,49.0
2016-2017,马克 加索尔,西班牙,灰熊,2米16,"115,7 公斤",中锋,40.0,19.3,6.5,4.2,0.7,5.3,20.8,47.0
2016-2017,杰夫 蒂格,美国,步行者,1米88,"84,4 公斤",后卫,35.5,17.0,3.3,6.3,0.8,3.3,19.8,48.9
2016-2017,凯文 乐福,美国,骑士,2米08,"113,9 公斤",前锋,32.1,16.8,10.6,1.7,0.9,8.6,21.9,43.6
2016-2017,埃弗里 布拉德利,美国,凯尔特人,1米88,"81,6 公斤",后卫,35.8,16.7,3.9,2.3,0.2,2.9,13.9,44.1
2016-2017,拉马库斯 阿尔德里奇,美国,马刺,2米11,"117,9 公斤",前锋,33.6,16.5,7.4,1.5,1.0,4.8,16.4,45.8
2016-2017,兰斯 Stephenson,美国,步行者,1米96,"104,3 公斤",后卫,26.8,16.0,5.3,2.8,0.0,5.0,16.8,50.9
2016-2017,托尼 帕克,比利时,马刺,1米88,"83,9 公斤",后卫,26.4,15.9,2.5,3.1,0.0,2.3,14.8,52.6
2016-2017,凯尔 洛瑞,美国,猛龙,1米83,"93,0 公斤",后卫,37.5,15.8,3.1,5.9,0.5,2.8,17.6,46.2
2016-2017,乔治 希尔,美国,爵士,1米91,"85,3 公斤",后卫,35.1,15.6,4.1,3.6,0.1,3.1,14.6,46.9
2016-2017,德安德烈 乔丹,美国,快船,2米11,"120,2 公斤",中锋,37.7,15.4,14.4,0.7,0.9,10.9,22.0,70.5
2016-2017,艾尔 霍福德,多明尼加共和国,凯尔特人,2米08,"111,1 公斤",中锋,33.9,15.1,6.6,5.4,0.8,4.8,22.0,58.4
2016-2017,克莱 汤普森,美国,勇士,2米01,"97,5 公斤",后卫,35.1,15.0,3.9,2.1,0.3,3.2,11.8,39.7
2016-2017,德怀恩 韦德,美国,公牛,1米93,"99,8 公斤",后卫,31.7,15.0,5.0,4.0,1.3,4.0,15.3,37.2
2016-2017,克里斯 米德尔顿,美国,雄鹿,2米03,"106,1 公斤",后卫-前锋,38.5,14.5,4.7,5.3,0.0,4.7,16.2,39.7
2016-2017,赛尔吉 伊巴卡,刚果,猛龙,2米08,"106,6 公斤",前锋,30.7,14.3,6.5,1.4,1.7,5.6,16.0,46.2
2016-2017,杰 克劳德,美国,凯尔特人,1米98,"106,6 公斤",前锋,33.1,13.6,6.4,2.7,0.3,5.3,16.7,43.5
2016-2017,格雷格 门罗,美国,雄鹿,2米11,"120,2 公斤",中锋,23.5,13.2,7.3,1.7,0.5,4.5,17.3,52.9
2016-2017,扎克 兰多夫,美国,灰熊,2米06,"117,9 公斤",前锋,31.8,13.2,8.2,0.7,0.3,6.7,13.5,42.2
2016-2017,德雷蒙德 格林,美国,勇士,2米01,"104,3 公斤",前锋,34.9,13.1,9.1,6.5,1.6,7.9,23.5,44.7
2016-2017,埃里克 戈登,美国,火箭,1米93,"97,5 公斤",后卫,32.5,12.9,3.9,2.0,0.5,3.5,12.0,42.1
2016-2017,乔 约翰逊,美国,爵士,2米01,"108,9 公斤",前锋-后卫,29.6,12.9,3.9,2.5,0.1,3.2,11.5,43.6
2016-2017,蒂姆 哈达威二世,美国,老鹰,1米98,"93,0 公斤",后卫,33.3,12.8,2.7,1.2,0.0,2.2,5.2,32.9
2016-2017,罗宾 洛佩兹,美国,公牛,2米13,"115,7 公斤",中锋,27.0,12.7,7.2,0.8,1.0,2.5,17.8,65.4
2016-2017,贾马尔 克劳福德,美国,快船,1米96,"88,5 公斤",后卫,28.0,12.6,1.3,1.9,0.1,1.0,8.3,42.2
2016-2017,路 威廉姆斯,美国,火箭,1米85,"79,4 公斤",后卫,24.7,12.5,2.7,1.3,0.1,2.1,9.5,42.4
2016-2017,奥托 小波特,美国,奇才,2米03,"89,8 公斤",前锋,32.9,12.2,6.9,1.8,0.5,5.8,18.0,53.2
2016-2017,马基夫 莫里斯,美国,奇才,2米08,"111,1 公斤",前锋,28.7,12.1,6.4,1.7,1.3,5.0,13.7,40.7
2016-2017,艾尔-法鲁克 阿米奴,美国,开拓者,2米06,"99,8 公斤",前锋,28.3,12.0,6.5,1.0,1.0,5.3,13.0,45.9
